Amazon,Noble Knight Games,Cardhaus Games,Miniature Market,Boardtopia,Zatu Games,All Systems Go Games,Stonemaier Games,BGG Store,Coupled Games,TLAMA games,Hachette Boardgames USA,Fowers Games,Keen Bean Studio,Allplay,Stellar Factory
$55.00,$49.95,$41.99,$43.99,$40.99,£28.45,,,,,,,,,,
$23.00,$21.95,$17.99,$17.99,,,,,,,,,,,,
$31.85,$29.95,$24.99,,,,,,,,,,,,,
$19.99,$15.00,,$15.99,$19.99,£20.15,,,,,,,,,,
,$11.95,,$9.99,,,,,,,,,,,,
,,,,,,,,,,,,,,,
,$70.00,,,,,,,,,,,,,,
$99.95,$70.00,,,,,,,,,,,,,,
$14.99,$12.00,,,,£10.95,,,,,,,,,,
$129.99,$85.00,,,,£28.85,,,,,,,,,,
$118.76,$74.95,,,,,,,,,,,,,,
$27.99,$64.95,,,,,,,,,,,,,,
$39.15,,$30.29,$28.99,,£33.35,,,,,,,,,,
$76.96,$50.00,,,,,,,,,,,,,,
,$59.95,,,,£62.35,,,,,,,,,,
,$195.00,,,,,,,,,,,,,,
$80.80,$85.00,,$98.99,,,,,,,,,,,,
,$35.00,,,,,,,,,,,,,,
$49.95,,,,,£39.75,,,,,,,,,,
$44.95,$38.00,,,,£31.35,,,,,,,,,,
$59.74,,$59.89,,,£55.39,,,,,,,,,,
,$28.00,,,,,,,,,,,,,,
$34.99,$39.95,$34.96,,,£36.39,,,,,,,,,,
,$145.00,,,,£32.89,,,,,,,,,,
,$38.00,$47.99,$47.99,,,,,,,,,,,,
$24.06,$18.00,$20.49,$22.99,,,,,,,,,,,,
$89.99,$70.00,,,$100.00,£84.99,,,,,,,,,,
,$70.00,,,,,,,,,,,,,,
,$75.00,,,,,,,,,,,,,,
$25.50,$35.00,$26.99,,,,,,,,,,,,,
,$15.00,,,,£13.69,,,,,,,,,,
,$52.95,,,,,,,,,,,,,,
,$44.00,,,,,,,,,,,,,,
,$110.00,,$18.99,,,,,,,,,,,,
$105.15,,,,,,$44.99,,,,,,,,,
$97.14,$74.95,,,,,,,,,,,,,,
,$80.00,,,,,,,,,,,,,,
$62.79,$69.95,,$63.99,,£77.39,,,,,,,,,,
$34.07,$52.95,$46.39,$49.00,$43.99,£56.09,,,,,,,,,,
$52.79,$40.00,,,,,,,,,,,,,,
,,,,,,,,,,,,,,,
,$32.00,,$28.99,,£27.99,,,,,,,,,,
,$9.00,,,,,,,,,,,,,,
$29.99,$31.95,,,,,,,,,,,,,,
,$50.00,,,,,,,,,,,,,,
,$28.00,,,,,,,,,,,,,,
$29.99,$35.00,,,,,,,,,,,,,,
$60.95,,$54.99,$52.99,,£48.45,,,,,,,,,,
,$150.00,,,,,,,,,,,,,,
,$38.00,,,,,,,,,,,,,,
$14.99,$6.00,,$12.00,,,,,,,,,,,,
$72.54,,,,,,,,,,,,,,,
$42.71,$40.00,$47.99,$47.99,,£35.39,,,,,,,,,,
$149.99,$50.00,$49.99,$44.99,,£59.99,,,,,,,,,,
,$55.00,,,,£36.79,,,,,,,,,,
$79.99,$69.95,,$59.99,,,,,,,,,,,,
$22.95,$17.00,$16.49,,,,,,,,,,,,,
,$50.00,,,,,,,,,,,,,,
,$24.00,,,,,,,,,,,,,,
$67.50,$22.00,,$37.99,,,,,,,,,,,,
$70.97,$48.00,$69.99,$84.00,,£71.45,,$89.00,,,,,,,,
$37.13,$15.00,,,,,,,,,,,,,,
,,,,,,,,,,,,,,,
$26.01,$9.00,,,,,,,,,,,,,,
$32.86,$14.00,$23.99,$26.99,$22.98,£26.15,,,,,,,,,,
,$50.00,,,,,,,,,,,,,,
$84.89,$59.95,$59.99,,,,,,,,,,,,,
$199.32,$195.00,,,,,,,,,,,,,,
$76.76,$80.00,,$79.99,,,,,,,,,,,,
$47.40,$30.00,$40.99,$42.99,,£46.99,,,$50.00,,,,,,,
,$99.99,,,,,,,,,,,,,,
$74.99,$30.00,,$55.99,,,$19.99,,,,,,,,,
,,,,,,,,,,,,,,,
,$180.00,,,,,,,,,,,,,,
$42.50,$44.00,,$42.99,,,$19.99,,,,,,,,,
$67.02,$95.00,$46.99,$51.99,,,,,,,,,,,,
$118.99,$50.00,,,,,,,,,,,,,,
$169.99,$129.95,,,,£131.49,,,,,,,,,,
,$55.00,,,,,,,,,,,,,,
$138.50,,$118.99,,,,,,,,,,,,,
$42.65,$39.95,,,,,,,,,,,,,,
$60.00,$74.95,$60.00,,,£65.99,,,,$60.00,,,,,,
,$135.00,,,,,,,,,,,,,,
$87.99,$50.00,,,,,,,,,,,,,,
,$25.00,,,,£71.95,,,,,,,,,,
$46.49,$49.95,$43.99,$43.99,,,,,,,,,,,,
,$32.00,,,,,,,,,,,,,,
,,,,,,,,,,,,,,,
$24.80,$17.00,$19.99,$18.99,,£18.55,,,,,,,,,,
,$150.00,,,,,,,,,,,,,,
$29.46,,$24.99,,,£22.99,,,,,,,,,,
,$35.00,$27.49,,,,$14.99,,,,,,,,,
$39.95,$28.00,$31.99,$31.99,,£28.95,,,,,,,,,,
,$17.00,$18.69,,,,,,,,,,,,,
,,$11.99,,,,,,,,,,,,,
,$22.95,$22.49,$22.99,$22.50,,,,,,,,,,,
$34.99,$38.00,$30.79,,,,$24.99,,,,,,,,,
$68.77,$35.00,,,,,,,,,,,,,,
$31.79,$32.00,$31.99,$31.99,,,$39.99,,,,,,,,,
$19.99,$20.00,,,,,,,,,,,,,,
$34.16,$30.00,,$22.99,,,,,,,,,,,,
$21.17,$20.00,,$19.99,$19.99,£20.19,,,,,,,,,,
$49.98,$25.00,,,,£29.49,,,,,,,,,,
,,,,,,,,,,,,,,,
,$425.00,,,,,,,,,,,,,,
$39.99,$45.95,$44.99,,,£29.89,,,,,,,,,,
$48.24,$50.00,$40.99,$45.00,$38.98,,,,,,,,,,,
,,,,,,,,,,,,,,,
$82.95,$350.00,,,,£60.99,,,,,€57.88,,,,,
,$65.00,,,,,,,,,,,,,,
$28.99,$20.00,,$27.99,$23.99,£26.59,,,,,,,,,,
$100.99,,,,,,,,,,,,,,,
$122.99,$14.00,,,,,$24.99,,,,,,,,,
$38.95,$28.00,$29.99,$31.99,,,,,,,,,,,,
$59.45,$45.00,$51.99,$53.99,$43.99,,,,,,,,,,,
$15.97,$9.00,,,,,,,,,,,,,,
,$275.00,,,,,,,,,,,,,,
$29.99,$9.50,$31.99,$35.00,,,$17.99,,,,,,,,,
,$45.00,,,,,,,,,,,,,,
$30.03,$34.95,$31.99,$31.99,,,,,,,,,,,,
,$99.95,,,,,,,,,,,,,,
$59.99,,,,,,,,,,,,,,,
,,,,,,,,,,,,,,,
$39.94,$25.00,$31.45,,,,,,,,,,,,,
$26.01,$26.95,,,,,,,,,,,,,,
$58.90,$35.00,$55.99,$55.99,,,,,,,,,,,,
,$175.00,,,,,,,,,,,,,,
,,,,,,,,,,,,,,,
,,,,,,,,,,,,,,,
$29.99,$45.00,,$43.99,,,,,,,,,,,,
$49.99,$39.95,$39.99,$39.99,,£40.89,,,,$46.99,,,,,,
$35.37,$18.00,,,,,,,,,,,,,,
$31.95,$35.00,,,,£24.89,,,,,,,,,,
,$28.00,,,,,,,,,,,,,,
,$80.00,,$52.99,,,,,,,,,,,,
$69.99,$54.95,,$55.99,,£40.95,,,,,,,,,,
$69.99,$63.95,$55.99,,,£50.49,,,,,,,,,,
$28.04,$28.00,,,,£23.25,,,,,,,,,,
$24.75,$25.00,$26.99,$29.99,,£28.95,,,,,,,,,,
$58.25,$62.95,$52.99,$55.99,$51.99,£33.99,,,,,€63.44,,,,,
,$55.00,,,,,,,,,,,,,,
$649.99,,,,,,,,,,,,,,,
,$21.95,$19.99,$19.99,,,,,,,,,,,,
$24.99,$17.00,$23.99,$24.99,,,$24.99,,,,,,,,,
,$45.00,,,,,,,,,,,,,,
$52.76,$38.00,$44.95,$41.99,,£52.19,$59.99,,,,,,,,,
$97.00,$114.95,,$96.00,$96.00,£68.49,,,,,,,,,,
$125.00,$28.95,,,,,,,,,,,,,,
,$18.00,,,,,,,,,,,,,,
$22.99,$10.00,,,,,,,,,,,,,,
$60.00,$18.00,,,,,,,,,,,,,,
$30.11,$40.00,,$28.99,,,,,,,,,,,,
$27.08,$22.00,$23.99,$27.99,,£27.99,$19.99,,,,,,,,,
$89.95,$79.95,,,,£73.59,,,,,,,,,,
,,,,,,,,,,,,,,,
,$20.00,,,,,,,,,,,,,,
$99.95,$89.95,,$79.99,,£71.49,,,,$89.95,€84.85,,,,,
,,,,,£36.39,,,,,,,,,,
$19.85,$14.00,$13.99,$14.99,,£13.69,,,,,,,,,,
,$18.00,$19.99,$20.00,$20.00,£22.99,,,,,,,,,,
$16.95,$12.95,,$12.99,,£15.49,,,,,,,,,,
,$349.95,,,,£46.99,,,,,,,,,,
,$48.95,,$50.99,,,,,,,,,,,,
,,,$28.99,,£32.99,,,,,,,,,,
$39.99,$55.00,,$31.99,,,,,,,,,,,,
$70.00,$50.00,,,,,,,,,,,,,,
,$25.00,,,,,,,,,,,,,,
$68.50,$85.00,,,,,,,,,,,,,,
,$29.95,,,,,,,,,,,,,,
,,,,,,,,,,,,,,,
,,,,,,,,,,,,,,,
,$70.00,,,,,,,,,,,,,,
,,,,,£23.99,,,,,,,,,,
,$9.00,,,,,,,,,,,,,,
,$179.95,,,,,,,,,,,,,,
,,,,,,,,,,,,,,,
,$95.00,,,,,,,,,,,,,,
,$75.00,,,,,,,,,,,,,,
,$30.00,,,,,$29.99,,,,,,,,,
$38.24,,,,,,,,,,,,,,,
,,$27.79,,$25.98,£21.99,,,,,,,,,,
$29.45,$15.00,$17.29,,,£20.89,,,,,,,,,,
$27.95,,,,,,,,,,,,,,,
,$5.00,,,,,,,,,,,,,,
$49.99,$18.00,,,,,$19.99,,,,,,,,,
$40.00,$35.00,,$45.00,,,,,,,,,,,,
$38.89,$20.00,$39.99,,,£37.99,,,,,,,,,,
$13.65,$17.00,$17.19,$14.99,$15.99,,,,,,,,,,,
,,,,,,,,,,,,,,,
$153.95,$143.95,,$127.99,,,,,,,,,,,,
$107.53,,,,,,,,,,,,,,,
,$55.00,,,,,,,,,,,,,,
,$125.00,,,,,,,,,,,,,,
,$32.00,,,,,,,,,,,,,,
$41.56,$36.95,$31.99,$31.99,,£29.49,,,,,,,,,,
$149.99,$35.00,,,,,,,,,,,,,,
,$75.00,,,,,,,,,,,,,,
,$65.00,,,,,,,,,,,,,,
$55.00,$42.00,,$50.00,$55.00,£38.95,,,,,,,,,,
,$17.00,,,,,,,,,,,,,,
$39.99,,,,,£25.99,,,,,€47.68,$39.99,,,,
,$32.00,,,,,,,,,,,,,,
$21.00,$19.95,$16.95,$16.99,,£16.99,,,,,,,,,,
,,,,,,,,,,,,,,,
$63.99,$53.95,$51.19,$51.99,,£42.99,,,,$51.00,,,,,,
$34.45,$48.00,$47.99,$47.99,,,,,,,,,,,,
,$40.00,,,,£31.09,,,,,,,,,,
$39.99,,,,,,,,,,,,,,,
$29.56,$18.00,$27.79,$30.00,,,,,,,,,,,,
,,,,,,,,,,,,,,,
$99.05,$75.00,,$87.99,,£62.45,,,,,,,,,,
$13.95,$5.00,,$8.99,,£9.99,$9.99,,,,,,,,,
$24.99,$20.00,,,,£18.49,,,,,,$24.99,,,,
,$25.00,$27.99,$31.99,$26.99,,,,,,,,,,,
,,,,,£25.49,,,,,,,,,,
$44.25,$40.00,$48.99,$48.99,,£36.89,,,,,,,,,,
$84.00,$58.00,,,,,,,,,,,,,,
$32.29,$25.00,,,,,,,,,,,,,,
$24.99,$21.95,$19.99,$19.99,,£15.99,$24.99,,,,,,,,,
,,,,,,,,,,,,,,,
,,,,,,,,,,,,,,,
$16.99,$6.00,,,,,,,,,,,,,,
,$45.00,,,,,,,,,,,,,,
$192.96,$60.00,,,,,,,,,,,,,,
,$45.00,,,,,,,,,,,,,,
$16.67,$20.00,$20.49,$21.99,,,,,,,,,,,,
,$215.00,,,,,,,,,,,,,,
$53.00,$45.00,,,,£33.99,,,,,,,,,,
$63.99,$65.00,$63.99,$63.99,,,,,,,,,,,,
,$14.00,,,,,,,,,,,,,,
$56.99,$47.95,$47.99,$47.99,$44.49,£44.49,,,,,,,,,,
,$56.00,,$55.99,,,,,,,,,,,,
,$99.95,,$96.00,,,,,,,,,,,,
,$75.00,,,,,,,,,,,,,,
$34.96,$34.95,,$31.99,,,,,,,,,,,,
$39.95,$30.00,,$39.99,,£39.99,,,,,,,,,,
$59.99,$32.00,,$42.99,,£39.49,,,,,,,,,,
$23.50,$18.00,$23.99,$23.99,,,,,,,,,,,,
,$65.00,,,,,,,,,,,,,,
,$28.00,,,,,,,,,,,,,,
$23.00,$20.00,$17.19,$16.99,,,,,,,,,,,,
$54.95,$30.00,$34.99,,,,,,,,,,,,,
,$130.00,,,,,,,,,,,,,,
,$125.00,,,,,,,,,,,,,,
,$110.00,,,,£77.49,,,,,,,,,,
$85.00,$75.00,,$35.99,,,,,,,,,,,,
$24.99,$12.00,,,,£19.69,,,,,,,,,,
,$65.00,,,,£34.99,,,,,,,,,,
,$75.00,,,,,$49.99,,,,,,,,,
,$295.00,,,,,,,,,,,,,,
,$295.00,,,,,,,,,,,,,,
$19.09,$19.95,$17.19,$14.99,$16.49,,,,,,,,,,,
,,,$15.99,,£18.65,,,,,,,,,,
$67.88,$30.00,$63.99,$63.99,,£39.99,,,,,,,,,,
$58.64,$50.00,,$55.99,,,,,,,,,,,,
,$75.00,,,,,,,,,,,,,,
$52.96,$52.00,$58.99,$55.99,,,,,,,,,,,,
$68.57,$175.00,$51.99,$52.99,,,,,,,,,,,,
$53.28,$45.00,,$52.99,,£39.99,,,,,,,,,,
$12.99,$54.95,,,,,,,,,,,,,,
,$195.00,,,,,,,,,,,,,,
$15.99,$10.00,,$11.99,,£13.49,$15.99,,,,,,,,,
$39.99,$40.00,$41.49,$42.99,,£44.99,$34.99,,,,,,,,,
$34.82,$55.00,,,,,,,,,,,,,,
$19.99,$12.00,$13.49,$14.99,,£17.45,,,,,,,,,,
,,,,,,,,,,,,,,,
,$45.00,,$55.99,,£37.95,,,,,,,,,,
$39.99,$40.00,,,,,,,,,,,,,,
$78.88,$38.00,,,,,,,,,,,,,,
,,,,,,,,,,,,,,,
$15.00,$2.29,,,,,,,,,,,,,,
$68.97,$15.00,$47.99,$50.99,,,$29.99,,,,,,,,,
,$85.00,,,,,,,,,,,,,,
$16.75,$16.49,,$13.99,,£9.99,,,,,,,,,,
,$34.00,,,,,,,,,,,,,,
$299.99,$195.00,,,,,,,,,,,,,,
,$17.95,,$15.99,,,,,,,,,,,,
$128.87,$48.00,,,,,,,,,,,,,,
$51.98,$9.00,,,,,,,,,,,,,,
,$30.00,,,,,$29.99,,,,,,,,,
$24.95,,$24.99,,,£17.49,,,,,,,,,,
$27.99,$55.00,,$24.00,,,,,,,,,,,,
$31.95,$25.00,,$31.99,,,,,,,,,,,,
$37.37,$50.00,$37.99,,,£36.89,,,,,,,,,,
$37.20,$25.00,$41.49,$42.99,,,,,,,,,,,,
$49.00,,,,$34.48,£36.95,,,,,,,,,,
$59.99,$45.00,$57.29,$51.99,,£66.49,,,,,,,,,,
,,,,,,,,,,,,$47.82,,,
,$65.00,,,,,,,,,,,,,,
$58.49,$40.00,,,,£21.59,,,,,,,,,,
$299.99,$95.00,,,,,,,,,,,,,,
,$295.00,,,,,,,,,,,,,,
$159.99,$254.95,,,,,,,,,,,,,,
$108.98,$24.00,,,,,,,,,,,,,,
$47.77,,,,,,,,,,,,,,,
$14.15,$11.00,$23.96,,,,$14.99,,,,,,,,,
$24.00,$11.00,$18.49,$21.99,,£19.49,,,,,,,,,,
,$11.95,,,,,,,,,,,,,,
$51.87,$49.95,$60.00,$60.00,$60.00,,,,,,,,,,,
$55.99,,$55.99,$55.99,,£33.95,,,,,,,,,,
$109.04,$99.95,$89.99,$87.99,,£78.45,,,,,,,,,,
,,,,,£13.95,,,,,,,,,,
,,,,,,,,,,,,,,,
$149.99,$95.00,,,,,,,,,,,,,,
,,,$80.00,,,,,,,,,,,,
,$150.00,,,,,,,,,,,,,,
$31.99,$34.00,$31.99,$31.99,,£31.65,,,,,,,,,,
,$135.00,,,,,,,,,,,,,,
$29.99,$40.00,,$17.99,,,,,,,,,,,,
$49.99,$55.00,$63.96,$55.99,$63.96,£53.29,,,,,,,,,,
,$250.00,,,,,,,,,,,,,,
$52.99,,,,,,,,,,,,,,,
,$45.95,$39.99,$39.99,,£23.59,,,,,,,,,,
$12.99,,,,,,,,,,,,,,,
$11.58,$9.95,,,,£9.19,,,,,,,,,,
$24.99,$12.00,$19.99,,,£18.65,,,,,,,,,,
,,,,,,,,,,,,,,,
,$50.00,,,,£59.99,,,,,,,,,,
$45.95,$69.95,,,,£55.39,,,,,,,,,,
,$36.95,,$31.99,$26.98,,,,,,,,,,,
,$18.00,,,,,$24.99,,,,,,,,,
,$125.00,,,,,,,,,,,,,,
$35.99,$40.95,$40.49,$35.99,,£20.99,,,,,,,,,,
,$124.95,,,,,,,,,,,,,,
,$29.95,,$26.99,,£20.99,,,,,,,,,,
$34.99,$60.00,,$27.99,,£22.95,,,,,,,,,,
$45.00,$45.95,,$45.00,,,,,,,,,,,,
$87.99,,$89.89,$87.99,,£79.49,,,,$87.99,,,,,,
$48.99,$40.00,$39.99,$42.99,,,,,,$39.99,,,,,,
,$40.50,,,,,,,,,,,,,,
$49.99,$75.00,,,,,,,,,,,,,,
$12.95,$11.49,$10.79,,,£10.95,,,,,,,,,,
$39.95,$17.95,,,,,$19.99,,,,,,,,,
$49.99,,,,,,,,,,,,,,,
$27.90,$29.95,,$27.99,,£26.95,,,,,,,,,,
$26.96,$18.00,,$23.99,,£18.95,,,,,,,,,,
$13.99,$11.95,,$11.99,,,,,,,,,,,,
$28.95,,,,,,,,,,,,,,,
,$30.00,,,,,,,,,,,,,,
,,,,,,$15.99,,,,,,,,,
$69.95,$195.00,$54.99,,,,,,,,,,,,,
,,,,,,,,,,,,,,,
$43.95,$37.95,,$38.99,,,,$45.00,,,,,,,,
$165.00,,,,,,,,,,,,,,,
,$55.00,,,,,,,,,,,,,,
,,,,,,,,,,,,,,,
$80.07,$54.95,,,,£58.39,,,,,€63.44,,,,,
$19.78,$12.00,,,,,,,,,,,,,,
$87.99,$44.00,,,,£49.99,,,$90.00,,,,,,,
,$40.00,,,,,,,,,,,,,,
$41.47,$30.00,$31.46,$36.00,$33.49,£23.25,,,,,,,,,,
$42.13,$30.00,$33.99,$35.99,$33.98,,,,,,,,,,,
,$22.95,$15.99,,$19.99,£27.59,,,,,,,,,,
$61.98,$58.00,$55.99,$55.99,,£47.39,,,,,,,,,,
$122.49,$145.00,,,,,,,,,,,,,,
,$18.00,,,,,,,,,,,,,,
$19.99,$14.00,,,,,,,,,,,,,,
,,,,,£48.39,,,,,,,,,,
$16.99,$12.95,,$16.99,,£13.49,,,,,,,,,,
,$95.00,,,,,,,,,,,,,,
$19.99,,$23.99,,,£20.69,,,,,,,,,,
$29.99,,,,,,,,,,,,,,,
$44.00,$7.50,,,,,,,,,,,,,,
$14.23,$13.49,,$10.99,,£11.49,,,,,,,,,,
$25.50,$24.95,$20.79,,,£18.69,$27.99,,,$24.95,,,,,,
,$65.00,,,,,,,,,,,,,,
$35.78,$28.00,$34.99,$31.99,,£20.85,,,,,,,,,,
$22.94,$10.00,,$43.00,,,,,,,,,,,,
$34.92,$49.95,,,,,$29.99,,,,,,,,,
$22.42,$15.99,,,,,,,,,,,,,,
$50.98,$75.00,$40.99,$45.00,$38.99,,,,,,,,,,,
$76.13,$74.95,,$63.99,$58.49,£63.95,,,,,,,,,,
$72.39,$15.95,,,,,,,,,,,,,,
$27.99,$31.95,$31.49,$27.99,,£18.89,,,,$27.99,,,,,,
,,,,,£46.99,,,,,,,,,,
$24.99,,,,,£17.79,,,,,,$24.99,,,,
$41.50,$30.00,,$45.00,,,,,,,,,,,,
$31.49,$14.00,,$49.99,,£37.99,,,,,,,,,,
,,,,,£22.29,,,,,,,,,,
,$32.00,,,,,$64.99,,,,,,,,,
$49.95,$34.00,,,,£43.59,,,,,,,,,,
,$22.00,,,,,$14.99,,,,,,,,,
$59.12,$45.00,$55.96,,$47.98,£52.49,,,,,,,,,,
,,,,,,,,,,,,,,,
$39.99,,$44.99,,,£29.99,,,,,€37.30,$39.99,,,,
,$90.00,,,,,,,,,,,,,,
,$44.00,,,,,,,,,,,,,,
,$125.00,,,,,,,,,,,,,,
,,,,,,,,,,,,,,,
$69.00,$85.00,,$35.00,,,,,,,,,,,,
$41.99,$34.00,$41.49,$45.00,$39.48,£45.45,,,,,,,,,,
$65.00,$25.00,,,,,,,,,,,,,,
$39.99,$39.99,,,,,,,,,,,,,,
$35.95,$17.00,,$4.99,,,,,,,,,,,,
$20.68,$14.00,,$16.99,$14.99,£15.99,,,,,,,,,,
$149.99,$90.00,,,,,,,,,,,,,,
$43.00,$30.00,$39.79,$39.99,,£33.95,,,,,,,,,,
$50.96,$35.95,,,,,,,,,,,,,,
$38.49,$37.95,,,,,,,,,,,,,,
$24.75,$18.00,$17.99,,,£14.69,,,,,,,,,,
$49.99,,,,,£22.45,,,,,,,,,,
$24.09,$15.00,$33.99,$39.99,$27.98,,,,,,,,,,,
,$30.00,$36.99,$40.99,,,,,,,,,,,,
,$40.00,,,,,,,,,,,,,,
$59.95,$9.00,,,,,,,,,,,,,,
,,,,,,,,,,,,,,,
$66.55,$20.00,,,,,,,,,,,,,,
$37.52,$25.00,$35.99,$35.99,,£27.59,,,,,,,,,,
$99.99,$22.00,,,,,,,,,,,,,,
$16.99,$25.00,,,,,,,,,,,,,,
$40.76,$34.95,,$31.99,,£31.15,,,,,,,,,,
$49.99,,$43.99,$54.00,,,,,,,,,,,,
,,,,,,,,,,,,,,,
$44.95,$37.95,,$30.99,,£30.99,,,,,,,,,,
,$35.00,,,,,,,,,,,,,,
$60.99,$35.00,,,$41.98,£35.95,,,,,,,,,,
,$29.95,$24.99,,,,,,,,,,,,,
$26.29,$140.00,$17.99,,$17.49,£18.99,,,,,,,,,,
$79.49,$42.00,,,,£63.25,,,,,,,,,,
$20.74,$21.95,$17.39,$17.99,$16.48,£18.49,,,,,,,,,,
,$30.00,,$29.99,,,,,,,,,,,,
$39.99,$18.00,,$31.99,,,,,,,,,,,,
,$20.00,$19.99,$19.99,,,,,,,,,,,,
$259.93,$245.00,,,,,,,,,,,,,,
,,,,,,,,,,,,,,,
$59.99,$40.00,,,,,,,,,,,,,,
$150.90,$249.95,$152.00,$152.00,,£90.95,,,,,,,,,,
$9.95,$9.50,$15.99,$14.99,,£15.89,$19.95,,,,,,,,,
$67.75,,$44.99,,,£28.85,,,,,,,,,,
$30.99,$44.95,,,,,,,,,,,,,,
,$25.00,,,,,$24.99,,,,,,,,,
$34.99,$30.00,,,,£37.99,$19.99,,,,,,,,,
$66.75,$40.00,,,,£58.95,,,,,,,,,,
$22.95,$19.95,$19.99,$18.99,,,,,,,,,,,,
,,,,,,,,,,,,,,,
$131.99,$135.00,$131.99,$131.99,,£120.19,,,,,,,,,,
$50.00,$40.00,,,,,,,,,,,,,,
$44.99,$40.95,$35.99,$35.99,,,,,,,€51.00,,,,,
,$54.00,,,,,,,,,,,,,,
,$36.95,,$31.99,,,,,,,,,,,,
$52.07,$42.00,$44.99,$48.99,,£51.29,,,,,,,,,,
$79.99,$50.00,,,,,,,,,,,,,,
,,,,,,,,,,,,,,,
$14.34,$10.00,$10.49,$10.99,,£11.49,,,,,,,,,,
$89.99,$30.00,$41.49,$42.00,,£39.39,,,,,,,,,,
,$20.00,,,,£35.79,,,,,,,,,,
,$50.00,,,,,$74.99,,,,,,,,,
$35.47,,$31.99,$31.99,,,,,,,,,,,,
,,,,,£42.49,,,,,,,,,,
$63.58,$64.95,,$57.99,,,,,,,,,,,,
,$18.00,,,,,,,,,,,,,,
$53.99,$45.00,$71.99,,,£57.89,,,,,,,,,,
,$89.95,,,,,,,,,,,,,,
$59.99,$32.00,$47.99,$47.99,$41.99,,,,,,,,,,,
$29.97,$9.00,,,,,$24.99,,,,,,,,,
$132.68,$125.00,,,,,,,,,,,,,,
$24.99,$39.95,$17.49,$29.99,,£14.55,,,,,,,,,,
,$50.00,,,,,,,,,,,,,,
,$75.00,,,,,,,,,,,,,,
,,,,,,,,,,,,,,,
$99.95,$50.00,,,,,,,,,,,,,,
$24.99,$18.00,$17.29,$15.99,,,$12.99,,,,,,,,,
$14.99,$6.50,$11.99,$11.99,,£10.89,,,,,,,,,,
,$75.00,,,,,,,,,,,,,,
,$17.00,,,,,,,,,,,,,,
,$60.00,,,,£32.49,,,,,,,,,,
$50.97,,,,,£26.99,,,,,,,,,,
$28.99,$22.00,,$20.00,,£22.99,,,,,,,,,,
,$95.00,,,,,,,,,,,,$46.00,,
$199.95,$50.00,,,,,$54.99,,,,,,,,,
$23.28,$14.00,,,,,,,,,,,,,,
,,,,,,,,,,,,,,,
$35.99,$10.00,,,,,,,,,,,,,,
$35.32,$25.00,,,,,,,,,,,,,,
,,,,,,,,,,,,,,,
$72.55,$35.00,,,,,,,,,,,,,,
$15.67,$9.50,$13.49,$14.99,,£11.49,,,,,,,,,,
,$37.95,,,,,,,,,€53.90,,,,,
$43.99,$49.95,$43.99,$43.99,,£35.49,,,,,,,,,,
$29.35,$18.00,,,,£20.29,$19.99,,,,,,,,,
,$1.50,,,,,,,,,,,,,,
,$175.00,,,,,,,,,,,,,,
$14.97,$11.00,,$27.99,,,,,,,,,,,,
$58.29,$40.00,$47.99,,,£42.95,,,,,,,,,,
$19.93,$29.95,$16.79,$14.99,,£21.15,,,,,,,,,,
,$40.00,,,,£46.19,,,,,,,,,,
,$60.00,,,,,,,,,,,,,,
$9.99,$10.95,,,,,,,,,,,,,,
$50.86,,,,,£28.49,,,,,,,,,,
$23.99,$15.00,$31.96,$23.99,$31.96,£25.99,,,,,,,,,,
$106.72,$89.95,,$87.99,,£79.95,,,,,,,,,,
$39.99,$39.99,,$39.99,,,,,,,,,,,,
,,,,,,,,,,,,,,,
$69.99,,,,,,,,,,,,,,,
$35.80,$20.00,,$47.99,,,$39.99,,,,,,,,,
$59.99,$76.95,$63.99,$73.99,,£73.99,,,,,,,,,,
$19.99,$22.95,,$19.99,$14.99,,,,,,,,,,,
$44.03,$34.00,$39.99,$43.99,$40.99,,,,,,,,,,,
$16.53,,,,,£16.49,,,,,,,,,,
$39.99,$32.00,$30.29,$31.99,,£32.99,,,,,,,,,,
,,,,,,,,,,,,,,,
$124.99,$95.00,,,,,,,,,,,,,,
,$45.00,,,,,,,,,,,,,,
$41.99,$29.95,$24.99,$20.99,$22.98,£31.99,,,,,,,,,,
$17.90,$12.60,,,,£16.99,,,,,,,,,,
$52.00,,,$40.00,$37.99,£49.99,,,,$51.00,,,,,,
$49.99,$30.00,,$40.00,,,,,,,,,,,,
$110.00,,,,,,,,,,,,,,,
$20.95,$20.00,,,,£11.75,,,,,,,,,,
,$44.00,,,,,,,,,,,,,,
,,,,,,,,,,,,,,,
$56.07,$47.00,,$46.99,,£30.45,,,,,,,,,,
$119.00,$45.00,,,,,,,,,,,,,,
$54.99,$22.00,,,,,,,,,,,,,,
,,,,,,,,,,,,,,,
$12.99,$6.00,,,,,,,,,,,,,,
,$60.00,,$69.99,,,,,,,,,,,,
,$42.00,,,,,,,,,,,,,,
,$34.00,,,,,,,,,,,,,,
,,,,,,,,,,,,$57.92,,,
,$170.00,,,,£18.99,,,,,,,,,,
$48.90,$59.95,$41.49,$43.99,,£45.45,,,,,,,,,,
,$50.00,,,,,,,,,,,,,,
$15.39,$10.00,$14.99,$19.99,$14.98,£14.89,,,,,,,,,,
$24.59,$15.00,$20.49,$18.99,,£21.99,,,,,,,,,,
$22.50,$17.95,,$17.99,,,,,,,,,,,,
,,,,,,,,,,,,,,,
,$60.00,,,,,,,,,,,,,,
,,,,,,,,,,,,,,,
$29.99,$29.95,,$29.99,,,,,,,,,,,,
,$195.00,,,,,,,,,,,,,,
,,,$25.99,,£19.89,,,,,,,,,,
,$20.00,$31.99,$31.99,,£29.65,,,,,,,,,,
,$75.00,,,,,,,,,,,,,,
$50.90,$32.00,,,,,,,,,,,,,,
$14.34,$12.00,$10.49,$10.99,,,,,,,,,,,,
,$38.00,,,,£15.15,,,,,,,,,,
$17.66,$30.00,,,,£9.99,,,,,,,,,,
$24.99,$11.00,,,,,,,,,,,,,,
,$90.00,,,,,,,,,,,,,,
$51.98,$40.00,$47.99,$47.99,,£35.89,,,,,,,,,,
$48.61,$35.00,,$49.99,$39.98,,,,,,,,,,,
$499.99,$215.00,,,,,,,,,,,,,,
$49.99,,,,,,,,,,,,,,,
$28.99,$25.00,$27.96,$15.99,$27.96,£26.15,,,,,,,,,,
$59.99,$24.00,,,,,,,,,,,,,,
$59.97,$50.00,$63.99,$63.99,$63.96,£44.99,,,,,,,,,,
$55.99,$63.95,,$55.99,,£50.85,,,,,,,,,,
$34.99,$25.00,$29.99,,,,,,,,,,,,,
,$55.00,,,,,,,,,,,,,,
,,,,,,,,,,,,,,,
$43.47,$32.00,,,,,,,,,,,,,,
$14.95,$13.49,,$10.99,,,,,,,,,,,,
$23.90,$20.00,$22.49,$19.99,,£23.95,,,,,,,,,,
$86.53,$69.95,$79.99,$67.99,,,,,,,,,,,,
,$60.00,,,,£39.79,$49.99,,,,,,,,,
$34.83,$37.95,$27.99,$33.99,,,,,,,,,,,,
,$135.00,,,,£39.95,,,,,,,,,,
,$70.00,,,,,,,,,,,,,,
$19.99,,,$46.99,,,,,,,,,,,,
,$78.00,,,,,,,,,,,,,,
$149.95,$44.00,,,,,,,,,,,,,,
$11.31,$15.00,,,,,,,,,,,,,,
$30.61,$14.00,$28.79,$31.99,$30.99,,,,,,,,,,,
,,,,,,,,,,,,,,,
,$125.00,,,,£51.35,,,,,,,,,,
$14.99,$14.95,,,,£15.19,,,,,,,,,,
,,,,,,,,,,,,,,,
$49.95,$38.00,$34.96,,,£49.99,,,,,€52.24,,,,,
$39.90,$44.99,,,,,,,,,,,,,,
,$75.00,,,,,,,,,,,,,,
$39.99,$20.95,$31.99,,$29.99,,,,,,,,,,,
$51.99,$24.00,$39.99,$36.00,,£35.99,,,,,,,,,,
$36.95,$50.00,,$49.99,,£50.49,,,,,,,,,,
$39.98,$18.00,,,,,$9.99,,,,,,,,,
,$50.00,,,,,,,,,,,,,,
,$100.00,,,,,,,,,,,,,,
,$55.00,,,,,,,,,,,,,,
$55.10,$50.00,,$44.99,,,,,,,,,,,,
$40.00,$39.95,,,,£22.45,,,,,,,,,,
,$149.95,,,,£41.99,,,,,,,,,,
,$9.00,,,,,,,,,,,,,,
$22.32,$20.00,,$19.99,,,,,,,,,,,,
,$10.00,,,,£18.69,,,,,,,,,,
$29.95,$32.00,$27.99,,,,,,,,,,,,,
$26.87,$18.00,,,,£19.99,$24.99,,,,,,,,,
,,,$55.99,,£51.19,,,,,,,,,,
,,,,,,,,,,,,,,,
$38.98,$15.00,,,,,,,,,,,,,,
,$55.00,,,,,$41.99,,,,,,,,,
,$28.00,,,,,,,,,,,,,,
$92.55,$77.95,,$84.99,,£64.59,,,,,,,,,,
,$229.95,,,,,,,,,,,,,,
$59.99,$35.00,,,,,,,,,,,,,,
,$34.00,,$47.99,,,,,,,,,,,,
,$20.00,$26.79,,,,,,,,,,,,,
$35.96,,,,,,$29.99,,,,,,,,,
$29.99,$14.00,,,,,,,,,,,,,,
$48.62,$75.00,,,,,,,,,,,,,,
,$34.00,,,,,,,$70.00,,,,,,,
,$60.00,,,,,,,,,,,,,,
,,,,,,,,,,,,,,,
,,,,,,,,,,,,,,,
$49.99,$28.00,,$39.99,,£31.69,,,,$39.95,,,,,,
,$175.00,,,,,,,,,,,,,,
,$21.95,$19.99,$19.99,,£20.19,,,,,,,,,,
,,,,,£15.15,,,,,,,,,,
,,,,,,,,,,,,,,,
,$80.00,,,,,,,,,,,,,,
,,,,,,,,,,,,,,,
$35.95,$24.00,,$41.99,,,,,,,,,,,,
,$150.00,,,,,,,,,,,,,,
,$185.00,,,,,,,,,,,,,,
$41.49,$17.00,$31.99,,,,,,,,,,,,,
,,,,,,,,,,,,,,,
,$425.00,,,,,,,,,,,,,,
,$75.00,,,,,$29.99,,,,,,,,,
,$25.00,,,,,,,,,,,,,,
$40.98,,$27.49,,,£22.39,,,,,€31.49,,,,,
,,,,,,,,,,,,,,,
$12.99,$5.50,,,,£8.39,,,,,,,,,,
$38.97,$28.00,$28.89,$31.99,,,,,,,,,,,,
,,,,,,,,,,,,,,,
$16.99,$69.95,,,,,,,,,,,,,,
$72.99,,,,,,,,,,,,,,,
,,,,,,,,,,,,,,,
$99.95,$85.00,,,,,,,,,,,,,,
$26.00,$22.00,,$27.99,,£25.95,,,,,,,,,,
,$225.00,,,,,,,,,,,,,,
,$19.95,,$18.99,,,,,,,,,,,,
,$399.95,,,,,,,,,,,,,,
,$95.00,,,,,,,,,,,,,,
$66.49,$44.00,,$56.99,,,,,,,,,,,,
,$65.00,,,,,,,,,,,,,,
,$40.00,,,,£36.65,,,,,,,,,,
$39.95,$99.95,,,,,,,,,,,,,,
$199.95,,,,,,,,,,,,,,,
$43.49,$37.95,,$35.99,,£34.19,,,,,,,,,,
$29.99,$65.00,,,,,,,,,,,,,,
$21.99,$30.00,$23.49,$24.00,$24.00,,,,,,,,,,,
$104.00,$55.00,,,,,,,,,,,,,,
$89.96,,,,,,,,,,,,,,,
$42.95,$37.95,,$39.99,,£30.29,,,,,,,,,,
,$85.00,,,,,,,,,,,,,,
$80.00,$95.00,,,,,,,,,,,,,,
$39.96,$55.00,,,,,,,,,,,,,,
$219.99,$130.00,,,,,,,,,,,,,,
$62.05,$69.95,,$56.99,,£29.89,,,,,,,,,,
$68.99,$44.00,,,,,,,,,,,,,,
,$22.00,$47.99,$8.99,,,,,,,,,,,,
,$100.00,,,,,,,,,,,,,,
$34.95,$225.00,,$26.99,,,,,,,,,,,,
$51.95,$22.00,,,,£47.49,,,,,,,,,,
$89.99,$65.00,,$74.99,,£29.99,,,,$65.00,,,,,,
,,,,,,,,,,,,,,,
$36.28,$37.95,,,$28.98,,,,,,,,,,,
,,,,,£37.65,,,,,,,,,,
,$55.00,,,,,,,,,,,,,,
$90.19,$80.00,$95.96,,$95.96,£92.45,,,,,,,,,,
,,,$11.99,,£10.49,,,,,,,,,,
$399.99,$155.00,,,,,,,,,,,,,,
$24.99,$25.00,$13.99,$14.99,,£12.69,$24.99,,,,,,,,,
$33.22,$28.00,$26.99,,,,,,,,,,,,,
,,,,,,,,,,,,$29.82,,,
,$95.00,,,,,,,,,,,,,,
,$80.00,,,,£23.75,,,,,,,,,,
$17.99,$12.00,$13.49,$14.99,,£16.29,,,,,,,,,,
$49.99,$44.00,,,,,,,,,,,,,,
,$70.00,,,,,,,,,,,,,,
,$11.00,$24.99,$18.00,,£15.39,,,,,,,,,,
$10.98,$69.99,,,,,,,,,,,,,,
$42.24,$28.00,$31.99,$31.99,$26.99,£27.19,,,,,,,,,,
,$90.00,,,,,,,,,,,,,,
$64.21,$40.00,,,,,,,,,,,,,,
$63.99,,,,,,,,,,,,,,,
,$65.00,,,,,,,,,,,,,,
,$150.00,,,,,,,,,,,,,,
,$50.00,,,,,,,,,,,,,,
$199.50,$90.00,,,,,,,,,,,,,,
$21.60,$24.00,,,,,,,,,,,,,,
$49.54,$39.95,$39.95,$39.99,,,,,,,€49.75,,,,,
,$70.00,,,,,,,,,,,,,,
,,,,,,,,,,,,,,,
$44.00,$49.95,,,,,,,,,,,,,$39.00,
,,,,,£22.25,,,,,,,,,,
,,,,,,,,,,,,,,,
$16.89,$23.95,$19.79,$17.99,$18.98,£21.99,,,,,,,,,,
$29.70,$24.95,$23.99,$23.99,,£14.99,,,,,,,,,,
,$70.00,,,,,,,,,,,,,,
$51.43,$9.00,,$51.99,,,,,,,,,,,,
,$20.00,,,,£36.75,$39.99,,,,,,,,,
,$140.00,,,,,,,,,,,,,,
,$30.00,,,,,,,,,,,,,,
,$95.00,,,,,,,,,,,,,,
$49.95,,,,,,,,,,,,,,,
$48.23,$34.00,$40.99,$35.99,,,,,,,,,,,,
$23.52,,$17.49,$17.99,,,,,,,,,,,,
$24.99,$20.00,,,,,,,,,,,,,,
$13.99,,,$12.99,,£11.69,,,,,,,,,,
$54.99,$25.00,,$46.99,,£45.59,,,,,,,,,,
,$60.00,,,,,,,,,,,,,,
$130.70,$165.00,,,,,,,,,,,,,,
,$65.00,,,,,,,,,,,,,,
$24.95,$37.95,$33.59,$33.99,,£35.19,$19.99,,,,,,,,,
,,,,,£12.79,,,,,,,,,,
$12.99,,$7.99,$6.99,,,,,,,,,,,,
,,,,,,,,,,,,,,,
$22.00,,,,,,,,,,,,,,,
$33.34,$13.49,,,,£25.49,,,,,,,,,,
,$12.00,,,,,,,,,,,,,,
$28.37,$25.00,$31.96,$23.99,$31.96,£24.49,,,,,,,,,,
,,,,,,,,,,,,,,,
$144.95,$120.00,,$119.99,,,,,,$120.00,,,,,,
$27.99,$25.00,$31.49,$27.99,,£17.75,,,,,,,,,,
,$40.00,,,,,$44.99,,,,,,,,,
,$99.95,,,,,,,,,,,,,,
,$45.00,,,,,,,,,,,,,,
,$55.00,,,,,,,,,,,,,,
$54.48,$18.00,,,,,,,,,,,,,,
$60.95,$59.95,,,,,,,,,,,,,,
,$70.00,,,,,,,,,,,,,,
$24.99,,$20.49,$19.99,,,,,,,,,,,,
$58.26,$40.00,$39.99,$39.99,,£33.95,,,,,,,,,,
$42.90,,$31.96,,,£25.95,,,,,,,,,,
$34.99,$29.95,,,$22.98,,,,,,,,,,,
$41.80,$40.00,,$39.99,,£26.95,,,,,,,,,,
$274.81,$34.00,,,,,$49.99,,,,,,,,,
$139.99,$111.95,$99.00,,,£71.29,,,,,,,,,,
,$42.00,,,,,,,,,,,,,,
$89.99,$55.00,,,,£43.69,,,,,,,,,,
$44.02,$39.95,,,$34.48,,,,,,,,,,,
$87.51,$60.00,,$99.00,,,,,,,,,,,,
$47.99,$48.00,$47.99,$47.99,,£32.89,,,,$47.99,,,,,,
$26.99,$20.00,$24.00,$24.00,$24.00,£21.99,,,,,,,,,,
$29.97,$20.00,$29.99,,,£28.49,,,,,,,,,,
$90.10,$30.00,,,,,,,,,,,,,,
,$195.00,,,,,,,,,,,,,,
$27.34,$22.00,,$26.99,,£29.45,$35.00,,,,,,,,,
$21.36,$22.95,$19.49,$19.99,$19.99,,,,,,,,,,,
,$60.00,,,,£39.69,,,,,,,,,,
,$44.00,,,,,,,,,,,,,,
,$17.00,,,,,,,,,,,,,,
$19.99,$10.00,,,,,,,,,,,,,,
$19.82,$17.00,,$19.00,,,$249.99,,,,,,,,,
$31.94,$85.00,,,$26.99,,,,,,,,,,,
,,,,,,,,,,,,,,,
$16.99,$15.95,$16.99,,,,,,,,,,,,,
,$85.00,$82.95,$85.99,$73.99,£85.49,,,,,,,,,,
$76.95,$64.95,,,,,,,,,,,,,,
$109.99,$28.00,$44.99,$39.99,$36.99,,,,,,,,,,,
,$195.00,,,,,,,,,,,,,,
$56.98,$34.00,,$44.99,$49.95,£52.69,,,,,,,,,,
,$14.00,,,,,$14.99,,,,,,,,,
$9.99,$10.00,$9.29,,,£10.29,,,,,,,,,,
,$22.00,,,,£35.19,,,,,,,,,,
$59.99,$38.00,$47.99,$47.99,,,,,,,,,,,,
$49.99,$24.00,,,,,$24.99,,,,,,,,,
,$40.00,,,,,,,,,,,,,,
,$55.00,,,,,,,,,,,,,,
$99.99,$38.00,,,,,,,,,,,,,,
,,,,,,,,,,,,,,,
$28.57,$44.00,,$27.99,,£29.15,,,,,,,,,,
$24.73,$18.00,$23.99,$23.99,,,,,,,,,,,,
,,,,,,,,,,,,,,,
,$165.00,,,,,,,,,,,,,,
,$17.00,,,,,,,,,,,,,,
$48.52,$40.00,$41.49,$45.00,$39.98,£42.99,,,,,,,,,,
$59.99,$49.95,,,,,,,,,,,,,,
,$75.00,,,,,,,,,,,,,,
$59.99,$45.00,$52.39,$53.99,,£38.79,,,,,,,,,,
$180.90,,,,,,,,,,,,,,,
$89.98,$50.00,,,,,,,,,,,,,,
$47.82,$45.00,$44.79,$44.99,,£33.79,,,,,,,,,,
,,,,,,,,,,,,,,,
$59.99,,,,,,,,,,,,,,,
$39.95,$47.95,$29.99,$31.99,,£25.59,,,,,,,,,,
$124.45,$65.00,,$134.00,,£106.25,,,,,,,,,,
$49.99,,,$49.99,,,$49.99,,,,,$49.99,,,,
$72.60,,,,,,,,,,,,,,,
,$15.00,,,,,,,,,,,,,,
$48.80,$30.00,,,,£38.45,,,,,,,,,,
,$45.00,,,,,,,,,,,,,,
,$18.49,,,,,,,,,,,,,,
,$20.00,$55.96,$47.99,$44.98,£52.99,,,,,,,,,,
$31.49,$31.49,$35.99,$31.99,,£37.73,$39.99,,,,,,,,,
$36.99,$12.00,$25.59,$25.99,,£21.19,,,,,,,,,,
$22.19,$18.00,$23.49,,$20.49,£22.99,,,,,,,,,,
$59.99,$55.00,$59.99,$59.99,,£47.49,,,,,,,,,,
$24.00,,,$15.99,,,,,,,,,,,$19.00,
$47.79,,,,,£29.59,,,,,,,,,,
,$65.00,,,,,,,,,,,,,,
,,,,,,,,,,,,,,,
,$125.00,,,,,,,,,,,,,,
$109.95,$18.49,,,,,,,,,,,,,,
,,,,,,,,,,,,,,,
,$70.00,,,,,,,,,,,,,,
,,,,,,,,,,,,,,,
,$22.00,,,,,,,,,,,,,,
,$55.00,,,,£49.99,,,,,,,,,,
,,$59.99,,,,,,,,,,,,,
,$30.00,,,,,,,,,,,,,,
$44.54,,,,,£29.39,,,,,,,,,,
$79.99,$45.00,$79.99,$79.99,,£51.59,,,,,,,,,,
$49.99,$45.95,,$39.99,,£39.69,,,,,,,,,,
,$48.00,,,,,,,,,,,,,,
,$80.00,,,,,,,,,,,,,,
$61.84,$60.00,$69.49,$79.99,,,,,,,,$79.99,,,,
,$17.00,$19.49,,,,,,,,,,,,,
$7.55,$6.95,,,,£4.49,,,,,,,,,,
,$145.00,,,,,,,,,,,,,,
,,,,,,,,,,,,,,,
$74.99,$69.95,$63.99,$63.99,,£58.45,,,,,,,,,,
,$10.00,,,,,,,,,,,,,,
$36.09,$25.00,$31.99,$31.99,$31.99,,,,,,,,,,,
,$85.00,,$24.00,,,,,,,,,,,,
$55.99,$60.00,,,,£52.95,,,,,,,,,,
$144.50,$145.00,,,,,,,,,,,,,,
,$20.00,,$15.99,,£12.95,,,,,,,,,,
$40.00,$120.00,,,,,,,,,,,,,,
,$45.00,,,,,,,,,,,,,,
,$35.00,,,,,,,,,,,,,,
,,,,,£37.99,,,,,,,,,,
$299.99,$24.00,,,,,$44.99,,,,,,,,,
$92.99,$60.00,,,,,,,,,,,,,,
,,,,,,,,,,,,,,,
,,,,,,,,,,,,,,,
$12.99,$14.00,,,,,,,,,,,,,,
,$38.00,,$50.99,,,,,,,,,,,,
$55.99,$60.00,,$55.99,,,,,,,,,,,,
$14.99,$20.00,,,,,,,,,,,,,,
$49.99,$9.00,,,,,,,,,,,,,,
$32.60,$35.95,$32.79,$32.99,,,,,,,,,,,,
,,,,,£43.99,,,,,,,,,,
,$75.00,,,,£21.39,,,,,,,,,,
$20.80,,$15.99,,$14.99,,,,,,,,,,,
,,,,,,,,,,,,,,,
,$11.00,,,,,,,,,,,,,,
$67.59,,,$51.99,,£45.95,,,,,,,,,,
$38.66,,,$27.99,,£30.39,,,,,,,,,,
$159.00,$59.95,$54.79,,,,,,,,,,,,,
$55.99,$54.95,$55.99,$55.99,,,,,,$54.95,,,,,,
$70.89,$55.00,,$59.99,,,,,,,,,,,,
,,,,,,,,,,,,,,,
$51.99,$55.00,$51.99,$51.99,,£47.19,$64.99,,,,,,,,,
$39.99,$25.00,,,,£25.95,,,,,,,,,,
,$255.00,,,,,,,,,,,,,,
,$90.00,,,,,,,,,,,,,,
$59.99,$49.95,$47.99,$47.99,,,,,,,,,,,,
,$130.00,,,,,,,,,,,,,,
$16.99,$12.00,,,,,,,,,,,,,,
,$60.00,,,,,,,,,,,,,,
,$34.00,,$30.00,,,,,,,,,,,,
,$40.00,,,,,,,,,,,,,,
$24.53,$17.00,$17.99,$21.99,,,,,,,,,,,,
$60.79,$68.95,$60.79,$60.99,,,,,,,,,,,,
,$585.00,,,,,,,,,,,,,,
,,,,,,,,,,,,,,,
$22.45,$22.95,$22.49,,,£16.99,$24.99,,,,,,,,,
$66.80,$65.00,,$52.99,,,,,,,,,,,,
,$25.00,$34.79,,,£27.99,$34.99,,,,,,,,,
$39.94,$30.00,$34.99,$35.99,,,,,,,,,,,,
,$160.00,,,,,,,,,,,,,,
,$65.00,,,,,,,,,,,,,,
$27.99,$21.95,$20.49,$21.99,$16.99,£20.89,,,,,,,,,,
,$12.00,,,,,,,,,,,,,,
,$125.00,,,,,,,,,,,,,,
,$45.00,,,,,,,,,,,,,,
$42.00,$39.95,,,$31.99,£40.29,,,,,,,,,,
,$20.00,,,,,$17.99,,,,,,,,,
,$80.00,,,,,,,,,,,,,,
,$95.00,,,,£43.99,,,,,,,,,,
$159.99,$70.00,,,,,,,,,,,,,,
,$22.00,,,,,,,,,,,,,,
$49.95,$9.00,,,,,,,,,,,,,,
,$85.00,,,,,,,,,,,,,,
,,,,,,,,,,,,,,,
$125.00,$155.00,,,,,,,,,,,,,,
$64.99,$42.00,$54.99,$51.99,,£50.85,,,,,,,,,,
$46.99,$36.95,$35.99,$31.99,,£27.45,,,,$31.99,,,,,,
,$95.00,,,,,,,,,,,,,,
$24.99,$12.00,,,,,$14.99,,,,,,,,,
$20.06,$18.95,,$16.99,,,,,,,,,,,,
$199.95,$7.00,,,,,,,,,,,,,,
$44.00,$85.00,,,,,,,,,,,,,$39.00,
,,,,,,,,,,,,,,,
$45.00,$35.00,$47.99,$51.99,,£40.79,$29.99,,,,,,,,,
,$30.00,,,,,,,,,,,,,,
$59.99,$10.00,,,,,,,,,,,,,,
$62.39,$55.95,,$51.99,$41.99,£40.59,,,,$45.99,,,,,,
,$95.00,,,,,,,,,,,,,,
,$34.00,,,,,,,,,,,,,,
$74.99,$35.00,,$60.00,,,,,,,,,,,,
$36.99,,,,,,,,,,,,,,,
,$60.00,,,,,,,,,,,,,,
,$25.00,,,,,,,,,,,,,,
$39.99,,,,,,,,,,,,,,,
$24.99,$20.00,$34.99,,,,$19.99,,,,,,,,,
,$65.00,,,,,,,,,,,,,,
$47.96,$58.00,$55.99,$55.99,,£50.89,,,,$55.99,,,,,,
$43.95,$75.00,,,,,,,,,,,,,,
,,,,,,,,,,,,,,,
$104.99,$75.00,$89.99,$94.99,,£72.89,,,,,,,,,,
,,,,,,,,,,,,,,,
,$80.00,,,,,,,,,,,,,,
,$55.00,$25.49,$25.99,,,,,,,,,,,,
,$75.00,,,,,,,,,,,,,,
,$39.95,,$39.99,,£36.95,,,,,,,,,,
,$595.00,,,,,,,,,,,,,,
,$135.00,,,,,,,,,,,,,,
$17.99,$25.00,,,,£15.65,,,,,,,,,,
$43.45,$17.00,$24.49,$23.99,,£20.95,,,,,,,,,,
,$22.00,,,,,,,,,,,,,,
,$180.00,,,,,,,,,,,,,,
$94.99,$65.00,$79.99,$79.99,$79.96,,,,,,,,,,,
,$95.00,,,,£23.99,,,,,,,,,,
,$24.00,,,,,,,,,,,,,,
$24.29,$9.50,$31.99,,,£19.65,$9.99,,,,,,,,,
,$20.00,,,,,,,,,,,,,,
$60.00,,,$48.00,,,,,,,,,,,,
$23.96,,,,,£17.99,,,,,€16.14,,,,,
$60.16,$38.00,$49.79,$50.99,$48.98,£54.89,,,,,,,,,,
$20.34,$17.00,,,,,,,,,,,,,,
$44.57,$34.00,,,,,,,,,,,,,,
$27.97,$20.00,$25.79,$23.99,,£26.99,,,,,,,,,,
$59.02,$44.00,$45.99,,$60.00,£60.49,,,,,,,,,,
,$80.00,,,,,,,,,,,,,,
$33.28,$34.95,,,,£23.95,,,,,,,,,,
,,,,,,,,,,,,,,,
$20.99,$28.00,$17.95,$14.99,,,$24.99,,,,,,,,,
,$245.00,,,,,,,,,,,,,,
,$125.00,,,,£54.79,,,,,,,,,,
,$125.00,,,,,,,,,,,,,,
,,,,,,,,,,,,,,,
$59.99,$50.00,,,,,,,,,,,,,,
$46.21,$65.00,$42.99,,$39.49,£52.29,,,,,,,,,,
,$28.00,,,,,,,,,,,,,,
$44.99,$30.00,$31.99,$35.99,,,,,,,,,,,,
,$165.00,,,,,,,,,,,,,,
,$45.00,,,,,,,,,,,,,,
$28.97,$14.00,,$25.99,$17.49,£23.99,,,,,,,,,,
$79.99,$30.00,,,,,,,,,,,,,,
,$55.00,,,,,,,,,,,,,,
$14.99,$14.95,$11.99,$13.99,,£12.75,,,,,,,,,,
,,,,,,,,,,,,,,,
,$44.00,,,$41.98,,,,,,,,,,,
$52.50,$50.00,,$47.99,,,,,,,,,,,,
,$44.00,,,,,,,,,,,,,,
$177.77,$70.00,,,,,,,,,,,,,,
,$65.00,,,,,,,,,,,,,,
$26.99,$20.00,$23.99,$26.99,,£14.89,,,,,,,,,,
,$55.00,,,,,,,,,,,,,,
$51.91,$32.00,$48.99,$56.00,,£51.95,,$69.00,,,,,,,,
$26.84,$22.00,$27.99,$27.99,,£24.99,,,,,,,,,,
$59.46,$32.00,,$48.99,$46.98,,,,,,,,,,,
$43.99,$45.00,,,,,,,,,,,,,,
,$75.00,,,,,,,,,,,,,,
,,,,,,,,,,,,,,,
,$10.00,$13.49,$14.99,,£18.99,,,,,,,,,,
$15.99,$9.00,$17.29,$17.99,,£20.95,,,,,,,,,,
,$45.00,,,,,,,,,,,,,,
,,,,,,,,,,,,,,,
$24.90,$8.50,,$14.99,,,,,,,,,,,,
,,,,,,,,,,,,,,,
$80.07,$61.95,$55.99,$61.99,,,,,,$55.50,,,,,,
$41.98,$24.00,$36.99,$40.00,,£26.99,$39.99,,,,,,,,,
,,$15.99,,,£12.45,,,,,,,,,,
$49.10,$49.95,,$45.00,$39.98,£38.95,,,,,,,,,,
,$149.95,,,,,,,,,,,,,,
$37.49,$135.00,,$37.99,,£36.99,$34.99,,,,,,,,,
,$75.00,,,,,,,,,,,,,,
$67.59,$58.95,$51.99,,,£44.99,,,,,,,,,,
$12.39,$22.95,$17.29,$18.99,,£17.40,,,,,,,,,,
$144.99,,,,,,,,,,,,,,,
$33.26,$25.00,,,,,,,,,,,,,,
,$38.00,,,,,,,,,,,,,,
,$18.00,,,,,,,,,,,,,,
$53.61,$50.00,$52.49,,,£54.79,,,,,,,,,,
$118.16,$80.00,,$71.99,,£75.15,,,,,,,,,,
,$60.00,,,,£43.99,,,,,,,,,,
$49.99,$48.00,$47.99,$47.99,,£35.89,,,,$47.99,,,,,,
,$28.00,,,,,,,,,,,,,,
$7.97,,$8.29,$8.49,,,,,,,,,,,,
$40.26,$34.00,,$34.99,$34.49,,,,,,,,,,,
,$14.00,,,,,,,,,,,,,,
$20.84,$34.00,,,,,,,,,,,,,,
,$240.00,,,,,,,,,,,,,,
$79.99,$72.95,,$63.99,,£73.45,$129.99,,,,,,,,,
$79.99,$63.95,,,,,,,,,,,,,,
,$15.00,,,,,,,,,,,,,,
$99.56,,$50.00,$79.99,,£66.95,,,,,,,,,,
$39.99,,$31.99,$35.99,,£28.99,,,,,,,,,,
$22.14,$14.00,,$18.00,,£18.99,,,,,,,,,,
$62.99,$24.00,,,,,$24.99,,,,,,,,,
$60.00,,$47.99,$50.99,,£47.59,,,,,,,,,,
$66.10,,,,,£28.49,,,,$44.00,,,,,,
$91.20,$120.00,,,$67.49,£75.99,,,,,,,,,,
$31.71,$25.00,$28.99,$28.99,,£28.99,,,,,,,,,,
$93.73,$80.00,$74.99,$76.99,$68.99,£71.45,,,,,,,,,,
$119.72,$95.00,$70.99,,,£69.45,,,,,,,,,,
$32.22,$18.00,,$31.99,,£23.49,,,,,,,,,,
$210.30,$45.00,,,,,,,,,,,,,,
,,$69.99,,,,,,,,,$69.99,,,,
$49.99,,,,,,,,,,,,,,,
$52.95,$95.00,,,,£49.99,,,,,,,,,,
,,,,,,,,,,,,,,,
,,,,,,,,,,,,,,,
$399.99,,,,,,,,,,,,,,,
$169.00,$55.00,$61.99,,,£51.19,,,,,,,,,,
$89.99,$55.95,,,,,,,,,,,,,,
,,,,,,,,,,,,,,,
$14.20,$12.95,,,,£11.29,,,,,,,,,,
,$36.95,$31.99,$34.99,$31.99,£30.99,,,,,,,,,,
$79.96,$125.00,,,,,,,,,,,,,,
$34.92,$30.00,,,$29.98,£31.75,,,,,,,,,,
$39.99,$14.00,,$29.99,,,,,,,,,,,,
$19.25,$18.95,,,,,,,,,,,,,,
$27.90,$12.95,,$11.99,,£11.35,,,,,,,,,,
$35.00,$95.00,,,,,,,,,,,,,,
$67.33,$74.95,$63.95,,$63.49,£75.99,,$80.00,,,,,,,,
$43.21,,,$41.99,,,,,,,€55.98,,,,,
$44.92,$39.95,,$40.00,,£29.99,,,,,,,,,,
,$75.00,,,,,,,,,,,,,,
,$55.00,,,,,,,,,,,,,,
$29.99,$30.00,,,,,,,,,,,,,,
$42.78,$54.95,$49.99,$55.99,,£31.49,,,,$47.79,,,,,,
,$30.00,,$38.99,,,,,,,,,,,,
$47.39,,,,,,,,,,,,,,,
$275.00,,,,,£51.49,,,,,,,,,,
,$9.50,$14.29,,,,,,,,,,,,,
,$11.00,,,,,,,,,,,,,,
,$115.00,,,,,,,,,,,,,,
,$65.00,,,,,,,,,,,,,,
$39.99,$36.95,,$31.99,,,,,,,,,,,,
$185.00,$335.00,,,,,,,,,,,,,,
,$195.00,,,,,,,,,,,,,,
,$240.00,,,,,,,,,,,,,,
$49.95,$79.95,$79.99,,,£47.59,,,,,,,,,,
,,,,,,,,,,,,,,,
$12.61,$5.00,$8.99,,,,,,,,,,,,,
$174.37,,,,,,,,,,,,,,,
$32.69,$10.00,,,,,$17.99,,,,,,,,,
,$70.00,,,,,,,,,,,,,,
,,,,,£163.49,,,,,,,,,,
$369.99,$50.00,$48.00,$48.00,,,,,,,,,,,,
,$18.00,,,,£14.99,,,,,,,,,,
$109.84,$90.00,,,,,,,,,,,,,,
$22.95,$18.00,$17.29,$18.99,$24.95,£15.99,,,,,,,,,,
$63.96,$65.00,$64.00,$67.99,,£65.45,,,,$63.96,,,,,,
$46.95,$30.00,,$36.00,,£32.65,,$45.00,,,,,,,,
,,,$74.99,,,,,,,,,,,,
$29.99,$24.95,,$23.99,,,,,,,,,,,,
,$55.00,,,,,,,,,,,,,,
$79.99,$95.00,,,,£60.19,,,,,,,,,,
$60.99,$75.00,,$59.99,$59.99,£51.95,,,,,,,,,,
$49.55,$54.95,$41.49,$42.99,$31.98,£30.99,,,,,,,,,,
$29.95,$15.00,$20.59,$21.99,$18.49,,,,,,,,,,,
$49.99,$42.00,,,,,,,,,,,,,,
$37.28,$35.00,$42.99,,,£36.19,,,,,,,,,,
,$91.95,$15.99,,,,,,,,,,,,,
$69.95,$60.00,$59.96,$59.99,$59.96,£44.49,,,,,,,,,,
$29.25,$20.00,$20.49,$21.00,,,,,,,€29.83,,,,,
$29.99,$18.00,,,,,,,,,,,,,,
$14.99,$20.00,,$11.99,,,,,,,,,,,,
,$12.00,,,,,,,,,,,,,,
,$24.00,,,,,,,,,,,,,,
,,,,$93.99,£91.45,$119.99,,,,,,,,,
$53.38,$49.95,$47.99,$48.99,,,,,,$43.00,,,,,,
,$95.00,,,,,,,,,,,,,,
$48.99,$58.95,,,,,,,,,,,,,,
,$70.00,$39.99,,,,,,,,,,,,,
,$9.50,,,,,,,,,,,,,,
$24.07,$9.00,,,,,,,,,,,,,,
$44.99,$38.00,,,,£32.99,,,,,,,,,,
$95.00,$20.00,,,,,$39.99,,,,,,,,,
,$10.00,,,,,,,,,,,,,,
$73.18,$65.00,,$89.99,$57.99,£68.99,,,,,€87.10,,,,,
$49.99,$38.00,,,,,,,,,,,,,,
$69.29,$50.00,,$65.99,,£63.45,,,,,,,,,,
,$8.00,,,,£11.89,,,,,,,,,,
$77.97,,,,,,,,,,,,,,,
$14.95,,,,,£11.64,,,,,,,,,,
$55.56,$40.00,$46.99,,,,,,,,,,,,,
,,,,,,,,,,,,,,,
$43.32,$49.95,$46.39,$46.99,,£30.55,,,,,,,,,,
$14.99,$8.00,,,,,,,,,,,,,,
,,,,,,,,,,,,,,,
,,,,,£12.99,,,,,,,,,,
$55.95,$42.00,,$50.99,,£37.99,,,,,,,,,,
$89.99,$72.00,$71.99,$71.99,,£37.99,,,,,,,,,,
,,,,,£25.95,,,,,,,$34.82,,,
$18.48,$18.00,$17.99,,,£24.39,,,,,,,,,,
$14.99,$20.00,,,,,,,,,,,,,,
$53.50,$40.00,$43.49,$34.99,,£69.45,,,,,,,,,,
$93.53,$104.95,$107.49,$118.99,$84.99,£112.45,,,,,,,,,,
,,,,,,,,,,,,,,,
$59.95,$27.95,,,,£25.89,,,,,,,,,,
,$125.00,,,,,,,,,,,,,,
$35.49,$22.00,,,,£56.99,,,,,,,,,,
$20.00,$20.95,,,,£12.29,,,,,,,,,,
,$22.00,$23.99,$29.99,,,,,,,,,,,,
,,,,,£59.69,,,,,,,,,,
$35.83,$37.99,$37.99,,,£27.39,,,,,,$37.99,,,,
$71.80,$60.00,,$60.00,,,,,,,,,,,,
,$25.00,,,,,,,,,,,,,,
$63.99,$65.00,$63.79,,$55.99,,,,,,,,,,,
$33.29,$24.00,$25.99,,,£18.99,,,,,,,,,,
$91.60,$59.95,,,$59.95,£50.49,,,,,,,,,,
$129.95,$125.00,,,,,,,,,,,,,,
$59.39,$44.00,,,,,,,,,,,,,,
$59.62,$72.95,$63.99,$63.99,$63.99,,$79.99,,,,,,,,,
$19.99,$17.95,$15.99,$15.99,,£16.29,,,,,,,,,,
$27.99,$18.00,$17.29,$19.99,,£20.99,,,,,,,,,,
$34.99,$25.00,,$39.99,,,,,,,,,,,,
Too low to display,$34.95,$31.99,$31.99,$22.99,£20.85,,,,,,,,,,
$46.87,$54.95,$47.99,$47.99,,£47.49,,,,,,,,,,
$77.50,$70.00,,,,,,,,,,,,,,
,$125.00,,,,,,,$70.00,,,,,,,
$38.05,$20.00,$35.99,$35.99,,£40.89,,,,,,,,,,
$60.70,$40.00,$47.99,$46.99,,,,,,,,,,,,
$29.99,$22.00,,,,,,,,,,,,,,
,,,,,,,,,,,,,,,
$14.99,$8.50,$11.99,$11.99,,£9.15,,,,,,,,,,
$57.95,$45.00,,$41.99,,,,,,,,,,,,
$36.26,$18.00,$35.99,$41.99,,£25.95,$24.99,,,,,,,,,
$47.21,$17.00,,,,£31.89,,,,,,,,,,
,$20.00,,,,,,,,,,,,,,
$10.99,$9.50,$11.99,,,£8.19,,,,,,,,,,
$23.96,$18.00,,$21.99,,,,,,,,,,,,
$52.29,$45.00,,,,£37.75,,,,,,,,,,
,$44.00,,,,,,,,,,,,,,
$72.94,$55.00,$61.99,$67.99,,,,,,,,,,,,
$59.95,$49.95,$41.99,,$49.95,£39.95,,,,,,,,,,
$155.00,,$169.99,$179.99,,,,,,,,,,,,
$69.95,$40.00,,,$40.99,,,,,,,,,,,
,$55.00,,,,,,,,,,,,,,
$46.87,$30.00,$44.00,$39.99,,£36.29,,,,$44.00,,,,,,
,$135.95,,,,,,,,,€177.39,,,,,
,,,,,,,,,,,,,,,
$54.16,$42.00,$51.79,$53.99,,£32.59,,,,,,,,,,
$22.50,$25.00,,,,,,,,,,,,,,
,$130.00,,,,,,,,,,,,,,
,,,$36.99,,,,,,,,,,,,
$149.99,$30.00,,$50.99,,,$34.99,,,,,,,,,
$57.54,$49.95,,,,,,,,,,,,,,
,$95.00,,,,,,,,,,,,,,
$49.99,$9.00,,,,,$24.99,,,,,,,,,
,$17.00,,,,,,,,,,,,,,
,,$21.99,,,,,,,,,,,,,
$52.31,$35.00,$47.99,$51.99,,£51.29,,,,,,,,,,
,$140.00,,,,,,,,,,,,,,
,$165.00,,,,,,,,,,,,,,
$249.99,$75.00,,,,£60.19,,,,,,,,,,
,,,,,£29.49,,,,,,,,,,
$49.99,$24.00,,,,£41.79,,,,,,,,,,
$43.99,$45.00,$43.99,$43.99,,,,,,$43.99,,,,,,
$55.52,$80.00,$52.99,,$52.49,£58.45,,,,,,,,,,
$33.29,,,,,£31.55,,,,,,,,,,
$24.99,$15.00,,$18.99,,£18.99,,,,,,,,,,
$55.95,$24.00,$47.99,$50.99,,£50.99,,,$50.00,,€55.98,,,,,
$44.99,$20.00,$27.99,$35.99,,,,,,,,,,,,
$70.00,$75.00,$71.99,$71.99,,£76.99,,,,,,,,,,
,$85.00,,,,,,,,,,,,,,
$47.69,$54.95,$47.79,$52.00,,£56.99,,$55.00,,,,,,,,
$48.62,$49.95,,,,£56.99,,$59.00,,,,,,,,
$55.11,$35.00,,,,,,,,,,,,,,
,$90.00,,,,,,,,,,,,,,
$46.43,,$37.99,,,,,,,,,,,,,
,$40.00,,,,,,,,,,,,,,
$50.22,$45.95,,,,£27.95,,,,,,,,,,
,$120.00,,,,,,,,,,,,,,
,,,,,,,,,,,,,,,
$39.99,$49.95,$41.49,$45.00,$38.99,£44.99,,,,,,,,,,
,,,,,£31.89,,,,,,,,,,
,$125.00,,,,£32.99,,,,,,,,,,
$35.85,$36.95,,$28.99,,£18.69,,,,,,,,,,
$33.99,$20.00,,,,,,,,,,,,,,
$9.97,$9.00,,,,£11.39,,,,,,,,,,
,,,,,,,,,,,,,,,
,$325.00,,,,,,,,,,,,,,
,$90.00,,,,,,,,,,,,,,
,$32.00,$54.99,$48.00,$45.99,£44.65,,,,,,,,,,
$53.99,$34.00,$55.99,,$47.99,£40.45,,,,,,,,,,
$63.93,$24.00,,$48.00,,,$34.99,,,,,,,,,
,$11.49,,$10.99,,,,,,,,,,,,
$5.15,,,,,,,,,,,,,,,
,$5.00,,,,,$7.99,,,,,,,,,
,,,,,£53.85,,,,,,,,,,
$38.97,,,,,,,,,,,,,,,
$249.99,$95.00,,,,,,,,,,,,,,
,$32.00,,,,£21.99,,,,,,,,,,
$14.95,$34.00,,,,,,,,,,,,,,
,,,,,,,,,,,,,,,
$30.49,$37.95,$35.99,,,£25.89,,,,,,,,,,
,$345.00,,,,,,,,,,,,,,
$40.65,$39.95,$39.49,$39.99,,£37.99,,,,,,,,,,
,$125.00,,,,,,,,,,,,,,
,,,,,,,,,,,,,,,
$14.95,$13.49,$10.49,$10.99,,£14.29,,,,,,,,,,
,$21.95,$17.49,$18.99,,,,,,,,,,,,
$36.99,$33.95,$29.59,$29.99,,,,,,,,,,,,
$999.99,$599.95,,,,,,,,,,,,,,
,$150.00,,,,,,,,,,,,,,
$35.00,$15.00,,,,,,,,,,,,,,
,$45.00,,,,,,,,,,,,,,
,$20.00,,,,,$27.99,,,,,,,,,
$18.40,$10.00,$19.99,$19.99,$20.00,,,,,,,,,,,
$19.99,$32.00,,,,£23.99,,,,,,,,,,
,$90.00,$87.99,$87.99,,£80.89,,,,$87.99,,,,,,
,,,,,£68.69,,,,,,,,,,
,$72.95,,,,,,,,,,,,,,
$39.99,$24.00,$39.99,,,£39.99,,,,,,,,,,
$132.86,$55.00,,,,,,,,,,,,,,
,,,,,,,,,,,,,,,
,$269.95,,,,£56.95,,,,,,,,,,
,$145.00,,,,,,,,,,,,,,
,$250.00,,,,,,,,,,,,,,
$44.99,$49.95,$39.99,$45.00,,£43.99,,,,,,,,,,
$41.55,$17.00,,$32.99,,£34.79,,,,,,,,,,
,$90.00,,,,,,,,,,,,,,
,,,$36.00,,,,,,,,,,,,
$127.93,$135.00,,,,,,,,,,,,,,
,$135.00,,,,,,,,,,,,,,
,$99.95,,,,,,,,,,,,,,
,$150.00,,,,,,,,,,,,,,
$120.68,,,,,,,,,,,,,,,
,,,,,,,,,,,,,,,
,$195.00,,,,,,,,,,,,,,
,$90.00,,,,£23.99,,,,,,,,,,
,$115.00,$42.99,$43.99,,£43.39,,,,,,,,,,
$75.99,,$59.99,,,£85.49,,,,,,,,,,
$33.95,$20.00,$24.99,$24.99,,£23.49,,,,,,,,,,
$37.62,$24.00,$31.99,$23.99,$39.99,£35.95,$29.99,,,,,,,,,
,$45.00,,,,,,,,,,,,,,
$28.99,$15.00,$19.99,$21.99,,£22.49,,,,,,,,,,
,$195.00,,,,,,,,,,,,,,
$36.28,$12.00,$30.49,,,,,,,,,,,,,
$27.99,$30.00,$27.99,$27.99,,,,,,$27.99,,,,,,
$14.76,$17.00,$17.29,,,£20.95,,,,,,,,,,
$69.53,$85.00,,,,,,,,,,,,,,
,,,,,,,,,,,,,,,
,$95.00,,,,,,,,,,,,,,
,$35.00,,,,£25.89,,,,,,,,,,
$59.95,$32.00,,,,,,,,,,,,,,
$48.50,,,$39.99,,,,,,,,,,,,
,$50.00,,$37.99,,,,,,,,,,,,
,$25.00,,,,,,,,,,,,,,
$29.99,$18.00,,,,,,,,,,,,,,
$75.00,$60.00,$15.00,$60.00,,,,,,,,,,,,
$54.28,$250.00,,$47.99,$47.96,,,,,,,,,,,
,$60.00,$15.99,,,£23.99,,,,,,,,,,
,$125.00,,,,£47.89,,,,,,,,,,
$47.96,$54.95,,,,,,,,,,,,,,
$54.99,$75.00,,$54.99,$40.99,£44.69,,,,,,,,,,
,$35.00,,,,,,,,,,,,,,
,$195.00,,,,,,,,,,,,,,
$48.99,$48.00,,,,,,,,,,,,,,
,,,,,,,,,,,,,,,
,,,,,,,,,,,,,,,
,$35.00,,,,£23.69,,,,,,,,,,
$89.99,$81.95,$71.99,$71.99,,£64.95,,,,,,,,,,
,$40.00,,,,,,,,,,,,,,
$23.99,,,$16.99,,,,,,,,,,,,
,,,,,,,,,,,,,,,
$36.06,$30.00,$35.99,,$35.99,£35.79,,,,,,,,,,
$62.99,$55.00,$37.99,,,,,,,,,,,,,
,$45.00,,,,,,,,,,,,,,
,$295.00,,,,,,,,,,,,,,
,,,,,£48.95,,,,,,,,,,
$114.27,$95.00,,,,,,,,,,,,,,
$158.08,$95.00,,,,,,,,,,,,,,
$32.60,$28.00,$25.99,$27.99,,£30.95,,,,,,,,,,
$19.99,$14.00,$18.95,$20.00,,£14.95,,$22.00,,,,,,,,
$67.47,$25.00,,,,£50.45,,,,,,,,,,
$14.99,$15.00,,,,,,,,,,,,,,
,,,,,,,,,,,,,,,
,$30.00,,$39.99,,£35.39,,,,,,,,,,
$299.95,,,,,,,,,,,,,,,
$44.00,$36.95,,$31.99,,,,,,,,,,,$39.00,
,$149.95,,,,,,,,,,,,,,
$29.99,,,,,£18.89,,,,,€18.22,,,,,
$22.62,$15.00,$17.29,$15.99,$19.99,,,,,,,,,,,
$32.90,,$31.99,$31.99,$31.99,£31.95,,,,,,,,,,
,$50.00,,,,,,,,,,,,,,
,,,,,,,,,,,,,,,
$21.56,,$16.95,,,£17.39,,,,,,,,,,
,,,,,,,,,,,,,,,
$69.95,$28.00,$48.49,$59.99,,£48.39,,,,,€49.75,,,,,
,$125.00,,,,,,,,,,,,,,
$173.18,$115.00,,$149.95,,,$129.99,,,,,,,,,
,,,,,,,,,,,,,,,
,,,,,,,,,,,,,,,
$39.27,$30.00,,,$34.48,£3.99,,,,,,,,,,
$59.95,$50.00,,,,£44.45,,,,,,,,,,
,,,,,,,,,,,,,,,
$80.66,$35.00,,,,,,,,,,,,,,
,$75.00,,,,,,,,,,,,,,
$99.99,$75.00,,,,,,,,,,,,,,
$14.10,$13.49,,$10.99,,£11.49,,,,,,,,,,
$83.62,$74.95,,$67.99,,,,,,,,,,,,
$31.99,$22.00,$21.49,$29.99,,£28.49,,,,,,,,,,
,$65.00,,,,,,,,,,,,,,
$43.98,,,,,,,,,,,,,,$39.00,
,$44.00,,,,,,,,,,,,,,
,$48.00,,,,,,,,,,,,,,
$46.53,$20.00,,,,£16.39,,,,,,,,,,
$53.32,$54.95,,$52.99,,,,,,,,,,,,
$12.85,$8.50,$13.49,,,£15.95,,,,,,,,,,
$24.99,$14.00,$17.95,,,,,,,,,,,,,
,$39.95,,,,,,,,$38.00,,,,,,
$51.03,$50.95,$44.79,$44.99,,£33.95,,,,,,,,,,
$48.99,$20.00,,,,£21.15,,,,,,,,,,
,$195.00,,,,,,,,,,,,,,
$39.99,$22.95,$19.99,$19.99,,,,,,,,,,,,
$49.95,$50.00,$47.99,$49.99,$45.99,,,,,,,,,,,
,$95.00,,,,,,,,,,,,,,
,$70.00,,,,,,,,,,,,,,
$63.53,$54.95,,$48.99,,£46.95,,,,,,,,,,
$60.00,$38.00,,$37.99,$37.98,,,,,,€53.90,,,,,
$47.99,$18.00,,,,,$19.99,,,,,,,,,
,,,,,£22.29,,,,,,,,,,
$59.44,$30.00,$41.79,$42.99,$39.98,£40.99,,,,,,,,,,
,,,,,,,,,,,,,,,
$35.95,$37.95,$30.49,$33.99,,£31.15,,,,,,,,,,
,$24.95,$23.99,$23.99,$19.49,£22.55,,,,$27.00,,,,,,
$18.63,$10.00,$17.99,$18.00,,£18.99,,,,,,,,,,
,$48.00,,,,,,,,,,,,,,
,$24.00,,$24.99,$23.98,£28.59,,,,,,,,,,
$69.99,$54.95,$55.96,$55.99,$55.96,£46.95,,,,,€58.05,,,,,
$114.99,$70.00,$87.99,$87.99,,£78.95,,,,,,,,,,
,,,,,£49.59,,,,,,,,,,
$54.45,$35.00,$41.49,,,,,,,,,,,,,
,,,$119.99,,,,,,,,,,,,
,,,,,£43.99,,,,,,,,,,
$51.57,$28.00,,,,,$24.99,,,,,,,,,
,,,,,,,,,,,,,,,
,,$18.59,$20.00,,,,,,,,,,,,
,$295.00,,,,,,,,,,,,,,
$95.99,$108.95,$95.99,$95.99,,£85.48,,,,,,,,,,
,$35.00,,,,,,,,,,,,,,
,$36.00,,,,,,,,,,,,,,
,$36.95,,,,£27.99,,,,,,,,,,
$44.99,$55.00,,,,£37.75,,,,,,,,,,
$109.99,$60.00,,,,,,,,,,,,,,
$57.99,$44.00,$45.99,$48.99,$60.00,,,,,,,,,,,
$22.64,$20.00,,$18.99,,,,,,,,,,,,
,$48.00,,$27.99,,,,,,,,,,,,
$79.95,$50.00,$47.99,,,,,,,,,,,,,
,,,,,£60.99,,,,,,,,,,
$299.99,$170.00,,,,,,,,,,,,,,
,,,,,£17.95,,,,,,,,,,
$49.97,$45.00,$30.99,$33.99,,£24.89,,,,,,,,,,
,$48.00,,,,,,,,,,,,,,
,$95.00,,,,,,,,,,,,,,
,$150.00,,,,,,,,,,,,,,
$72.79,$54.95,$55.99,$55.99,,£49.65,,,,,,,,,,
$39.99,$30.00,$27.49,$31.99,,,,,,,,,,,,
$62.04,$72.00,$71.99,$71.99,,£56.45,,,,$71.99,,,,,,
$24.58,$40.00,,,,,,,,,,,,,,
$42.40,$24.00,$44.99,$44.99,,,,,$5.00,,,,,,,
,$54.00,,,,,,,,,,,,,,
,$19.95,,$29.99,,,$24.99,,,,,,,,,
,$44.00,,,,,,,,,,,,,,
$16.99,$25.00,,,,,,,,,,,,,,
$77.97,,$69.99,$74.99,,,,,,,,,,,,
$44.95,$45.00,,,,,,,,,,,,,,
$39.99,$45.95,$39.99,$39.99,,£22.99,,,,$39.99,,,,,,
,$160.00,,,,,,,,,,,,,,
,$17.00,$23.99,$29.99,,£22.95,,,,,,,,,,
$29.61,,$24.99,$23.99,,£15.89,,,,,,,,,,
$89.99,$30.00,,,,£52.19,,,,,,,,,,
$60.00,$60.00,,,,,,,,,,,,,,
$69.90,$81.95,$71.99,$71.99,,£58.55,,,,,,,,,,
,,,,,,,,,,,,,,,
$856.99,$295.00,,,,,,,,,,,,,,
$27.98,$28.00,,$24.99,,£25.89,,,,,,,,,,
$125.00,$90.00,,,,,,,,,,,,,,
,,,,,,,,,,,,,,,
$107.99,$44.00,,,,,,,,,,,,,,
$114.95,$65.00,,,,,,,,,,,,,,
$103.69,,,$47.99,,,,,,$53.95,,,,,,
,$95.00,,,,,,,,,,,,,,
,,,,,£56.59,,,,,,,,,,
,$645.00,,,,£62.35,,,,,,,,,,
$65.22,$54.95,$45.39,$48.99,,£47.55,,,,,,,,,,
,,,,,,,,,,,,,,,
$47.10,$32.00,,,,,,,,,,,,,,
$199.95,$14.00,,,,,,,,,,,,,,
$60.14,$54.95,$54.99,$42.99,$41.99,£44.95,,,,,,,,,,
,$60.00,,,,,,,,,,,,,,
$199.99,,,,,,,,,,,,,,,
$15.99,$125.00,,$18.00,,£19.29,,,,,,,,,,
$31.99,$18.49,$31.99,$31.99,,£31.39,$21.99,,,,,,,,,
$148.65,,,,,,,,,,,,,,,
$67.00,$69.95,$59.99,,,£78.95,,,,,,,,,,
,$85.00,,,,,,,,,,,,,,
,$20.00,,,,,,,,,,,,,,
,,,,$30.99,,,,,,,,,,,
,,,,,,,,,,,,,,,
,,,,,,,,,,,,,,,
,$95.00,$31.99,,,,,,,,,,,,,
$29.29,$30.00,$29.99,$29.99,,£19.99,,,,,,$29.99,,,,
,$85.00,,,,£55.19,,,,,,,,,,
,$44.95,,,,£12.99,,,,,,,,,,
$34.79,$24.00,,$33.99,,£29.29,,,,,,,,,,
,,,,,,,,,,,,,,,
$38.95,$30.00,$34.99,$35.99,,,,,,,,,,,,
$33.03,$5.00,,,,,,,,,,,,,,
$34.99,$31.95,,$34.99,,,,,,,,,,,,
,$70.00,,,,,,,,,,,,,,
$49.95,$50.00,,$50.00,,,,,,,,,,,,
$60.86,$58.95,$51.79,,,£59.59,,,,,,,,,,
,$25.00,,$20.99,,,,,,,,,,,,
,,,,,,,,,,,,,,,
$52.66,$40.00,,$55.99,,,,,,,,,,,,
$51.98,,,$23.99,,,,,,,,,,,,
,$90.00,,,,,,,,,,,,,,
$35.27,,,,,,,,,,,,,,,
$64.99,$38.00,,,,,,,,,,,,,,
,$45.00,,,,,,,,,,,,,,
$24.99,,$23.49,,,£22.49,,,,,,,,,,
,,,,,,,,,,,,,,,
$199.99,$112.00,,$111.99,,,,,,$120.00,,,,,,
$31.99,$22.00,$25.99,$29.99,,£19.99,,,,,,,,,,
,$95.00,,$20.00,,,,,,,,,,,,
$12.99,$13.49,,$11.99,,,,,,,,,,,,
$40.94,$24.00,$21.99,$20.99,$18.49,£21.39,,,,,,,,,,
,$40.00,,,,,,,,,,,,,,
,$60.95,$60.79,$60.99,,,,,,,,,,,,
,$10.00,,,,,,,,,,,,,,
$75.00,$18.00,,,,£40.99,,,,,,,,,,
$107.42,$12.00,,,,,,,,,,,,,,
$129.99,$140.00,$139.96,$139.99,,£96.25,,,,$139.96,,,,,,
,$40.00,,,,,,,,,,,,,,
,$55.00,,,,,,,,,,,,,,
$114.00,$35.00,,,,,,,,,,,,,,
$32.99,$18.00,$29.99,$32.99,,,,,,,,,,,,
$21.99,$15.95,,,,,,,,,,,,,,
,,,,,£29.49,,,,,,,,,,
$27.66,$22.00,,,,,,,,,,,,,,
$34.60,$20.00,$31.99,$31.99,$31.99,£26.99,,,,,,,,,,
$12.44,$12.00,,$10.99,,£6.83,,,,,,,,,,
,$70.00,,,,,,,,,,,,,,
$59.95,$40.00,$46.49,$52.00,,£55.79,,,,,€48.51,,,,,
$49.95,$22.00,$54.79,$59.99,$52.99,£40.19,,,,,,,,,,
$28.25,$29.95,$24.99,,,,,,,,,,,,,
$14.23,$13.49,,$10.99,,£14.29,,,,,,,,,,
,$125.00,,,,,,,,,,,,,,
,,,,,£8.99,,,,,,,,,,
$46.97,$34.00,$35.99,$35.99,,,,,,$35.99,,,,,,
,$11.00,$12.49,$13.99,,,,,,,,,,,,
$19.95,$11.00,,,,,,,,,,,,,,
,$24.00,,,,,,,,,,,,,,
$39.99,$28.00,$31.99,$31.99,,£22.99,,,$5.00,,,,,,,
,,,,,,,,,,,,,,,
$42.53,$38.00,$39.99,$42.99,$39.48,,,,,,,,,,,
,,,,,,,,,,,,,,,
$38.70,$30.00,,$35.99,,£35.85,,,,,,,,,,
,$15.00,,,,,,,,,,,,,,
$119.67,,,$94.99,,£87.29,,,,,,,,,,
$29.09,$18.00,$23.99,$23.99,$19.49,£20.65,$17.99,,,$27.00,,,,,,
$14.95,$13.49,$10.99,$10.99,,£12.45,,,,,,,,,,
$39.99,$24.00,,,,£42.39,$29.99,,,,,,,,,
,$24.00,,,,,,,,,,,,,,
,$110.00,,,,,,,,,,,,,,
$59.99,$48.95,,,,£36.29,,,,,€55.98,,,,,
$48.90,$35.00,,,,£36.29,,,,,,,,,,
,$75.00,,,,,,,,,,,,,,
$14.23,$13.49,$10.49,$10.99,,£14.29,,,,,,,,,,
$19.99,$10.00,,,,,,,,,,,,,,
$14.95,,,,,,,,,,,,,,,
,,,,,,,,,,,,,,,
$24.94,$15.00,$17.29,$15.99,$19.99,£18.69,,,,,,,,,,
$54.99,$24.95,$40.99,$45.00,$39.98,£40.59,,,,,,,,,,
,$50.95,$47.99,$47.99,,£36.99,,,,,,,,,,
$19.95,$28.00,,,,,,,,,,,,,,
$43.99,$49.95,$49.49,$43.99,,£33.49,,,,,,,,,,
$33.93,$25.00,,$34.99,,£30.89,,,,,,,,,,
$29.99,,,$23.99,,£18.99,$29.99,,,,,,,,,
$20.00,$15.00,$15.29,$16.99,,£15.99,,,,,,,,,,
,,,,,,,,,,,,,,,
,$25.00,$40.99,,,£52.69,,,,,,,,,,
,$50.00,,,,£27.99,,,,,,,,,,
,$174.95,,,,,,,$69.99,,,,,,,
,$120.00,,,,,,,,,,,,,,
$12.59,$11.99,,$11.99,,,$14.99,,,,,,,,,
,,,,,,,,,,,,,,,
$139.99,,,,,,,,,,,,,,,
$14.99,$5.00,,$13.00,,£11.39,,,,,,,,,,
$15.95,$11.00,$12.49,,,,$16.99,,,,,,,,,
$22.23,$10.00,$14.99,$17.99,,,,,,,,,,,,
,,,,,,,,,,,,,,,
$69.99,$63.95,,,,,,,,,,,,,,
,$150.00,,,,,,,,,,,,,,
,,,,,,,,,,,,,,,
,$70.00,,,,,,,,,,,,,,
$28.95,$28.00,$27.99,,,,,,,,,,,,,
$28.00,$22.00,,$23.99,$20.49,,,,,,,,,,,
$98.99,$99.95,,,,,,,,,,,,,,
,,,,,,,,,,,,,,,
$49.95,$28.00,$37.49,$49.95,,,,,,,,,,,,
$41.91,$35.00,$34.99,$37.99,,,$44.99,,,,,,,,,
$519.99,,,,,,,,,,,,,,,
$61.85,$56.95,$50.79,$54.00,,£79.49,,,,,,,,,,
$54.99,$30.00,$34.99,,,,,,,,,,,,,
$61.37,$45.95,$45.99,$44.99,,£32.95,,,,$44.99,,,,,,
$49.99,$35.00,,$39.99,,£39.75,,,,,,,,,,
,,,,,,,,,,,,,,,
$47.00,$25.00,,,,£45.99,,,,,,,,,,
$199.95,$125.00,,,,£63.19,,,,,,,,,,
$102.66,$20.00,,,,,$19.99,,,,,,,,,
$55.86,$50.00,,,,£73.45,,,,,,,,,,
$34.00,$36.95,,,,,,,,,,,,,,
,,,,,,,,,,,,,,,
,$124.95,,,,,,,,,,,,,,
,$34.00,$41.95,$44.99,,£45.15,,,,,,,,,,
$41.48,$38.00,$40.49,$35.99,,,,,,,,,,,,
,$42.00,,,,,,,,,,,,,,
$100.00,,,,,,,,,,,,,,,
$23.09,$22.00,,,,£27.85,,,,,,,,,,
,,,,,,,,,,,,,,,
$14.99,$13.49,$11.99,$11.99,,£12.99,,,,,,,,,,
$81.49,$45.95,,$39.99,,,,,,,,,,,,
,$85.00,,,,,,,,,,,,,,
$79.95,$45.00,$39.99,,,,,,,,,,,,,
$39.99,$48.00,$43.99,$44.99,$49.95,£45.49,,,,,,,,,,
$54.49,$50.00,$49.79,$52.99,$51.98,,,,,,,,,,,
$89.99,$65.00,,,,,,,,,,,,,,
,$125.00,,,,,,,,,,,,,,
,,,,,,,,,,,,,,,
$99.99,,,,,,,,,,,,,,,
$96.48,$18.00,,,,,,,,,,,,,,
$49.64,$35.00,$54.99,$56.99,,£53.59,,,,,,,,,,
$221.07,$38.00,$38.99,$39.99,,,,,,,,,,,,
,$48.00,,$47.99,,£31.99,,,,,,,,,,
,,,,,,,,,,,,,,,
$59.23,$150.00,$48.00,$49.99,$42.49,£43.69,,,,,,,,,,
,,,,,£33.09,,,,,,,,,,
,$165.00,,,,£43.99,,,,,,,,,,
$61.96,$45.00,$58.29,$60.99,$57.49,£61.95,,,,,,,,,,
$79.13,,$69.95,$74.99,,,,,,,,,,,,
,,,,,,,,,,,,,,,
$48.95,$18.00,$29.49,$25.99,,,,,,,,,,,,
$38.39,$5.95,$38.39,$38.99,,,,,,,,,,,,
$99.99,$48.00,,,,,,,,,,,,,,
$144.37,$89.95,,$87.99,,£91.99,,,,,,,,,,
$25.19,$20.00,$31.79,,,£33.95,,,,,,,,,,
$18.88,$18.00,$15.99,$19.99,,£14.99,,,,$22.99,,,,,,
,$40.00,,,,,$34.99,,,,,,,,,
$87.78,$45.00,,,,,,,,,,,,,,
,,,,,£13.39,,,,,,,,,,
$14.99,,,,,,,,,,,,,,,
,$229.95,,,,£59.29,,,,,,,,,,
$29.99,$29.95,,$21.99,$21.95,£27.99,$34.99,,,,,,,,,
$20.80,$25.00,$27.49,$24.00,$18.99,£35.19,,$35.00,,,,,,,,
,$55.00,,,,,,,,,,,,,,
$24.25,$26.95,$23.96,,$19.96,£15.79,,,,,,,,,,
$31.59,$35.00,$26.39,$27.99,,£28.39,,,,,,,,,,
$41.99,$28.00,$35.99,$35.99,,£22.89,,,,,,,,,,
$39.99,$22.00,,,,,,,,,,,,,,
$39.75,$50.00,,,,,,,,,,,,,,
$89.63,$84.95,,$78.99,,,,,,,,,,,,
,,,,,,,,,,,,,,,
$48.32,$49.95,$47.99,$47.99,,£43.95,,,,,,,,,,
,$75.00,,,,,,,,,,,,,,
,$95.00,,,,,,,,,,,,,,
$27.43,$15.00,$24.99,$24.99,$22.48,£27.99,,,,,,,,,,
$58.00,$50.00,$68.99,,,£44.65,,,,,,,,,,
$43.09,$54.95,,,,,,,,,,,,,,
,$19.95,,$16.99,,£16.99,,,,,,,,,,
,,,,,£22.29,,,,,,,,,,
,$40.00,,,,£8.49,,,,,,,,,,
$35.00,$30.00,,,,,$29.99,,,,,,,,,
$24.99,$9.95,,$17.99,,£19.69,,,,,,,,,,
$62.99,$45.00,,$43.99,,£30.95,,,,,,,,,,
,$50.00,,,,,,,,,,,,,,
,$17.00,,,,,,,,,,,,,,
$49.99,$39.95,$35.49,,,£38.45,,,,,,,,,,
$40.99,,,$32.00,,,,,,,,,,,,
$79.97,$35.00,,,,,,,,,,,,,,
$24.99,$65.00,,,,,,,,,,$24.99,,,,$20.00
$83.70,$79.95,$68.79,,,£91.29,,,,,,,,,,
$60.99,$48.00,$51.99,$50.99,$48.98,£51.45,,,,,,,,,,
$14.95,$13.49,,$10.99,,£11.49,,,,,,,,,,
$19.99,,,$15.99,,,,,,,,,,,,
,$40.00,,,,,,,,,,,,,,
$48.30,$39.95,,$37.99,,,,,,,,,,,,
,,,,,£113.99,,,,,,,,,,
$34.99,$40.00,$31.49,$30.00,,,$19.99,,,,,,,,,
$34.93,,,,,,,,,,,,,,,
$114.99,,,,,,,,,,,,,,,
$46.00,$17.00,,,,,,,,,,,,,,
$40.86,$39.95,$39.96,$31.99,$39.96,,,,,,,,,,,
$32.99,$20.00,,,,,,,,,,,,,,
,$30.00,,,,£21.25,,,,,,,,,,
$179.95,$125.00,,,,£57.75,,,,,,,,,,
$24.99,$35.00,,$31.99,,£24.45,,,,,,,,,,
$42.99,$50.00,$44.99,$39.99,,,,,,,,,,,,
$27.63,$30.00,,,,£25.89,,,,,,,,,,
$31.80,$24.95,,,,,,,,,,,,,,
,$35.00,,,,£49.99,,,,,,,,,,
,,,,,,,,,,,,,,,
$29.99,$39.95,$34.99,$36.99,$34.49,£33.69,,,,,,,,,,
$80.27,$78.95,$69.99,,,,,,,,,,,,,
,$125.00,,,,,,,,,,,,,,
$39.99,$20.00,$55.99,$55.99,,,,,,,,,,,,
,$95.00,,,,,,,,,,,,,,
$33.98,$20.00,$32.99,$46.99,$29.99,,,,,,,,,,,
,,,,,,,,,,,,,,,
,,,,,,,,,,,,,,,
$27.56,$28.95,,,,£25.65,,,,,,,,,,
,$65.00,,,,,,,,,,,,,,
,$95.00,,,,£38.65,,,,,,,,,,
,$55.00,,,,,,,,,,,,,,
$49.95,$40.00,,$48.00,,£40.99,,$55.00,,,,,,,,
$59.99,$32.00,$39.99,$47.99,,£40.45,$29.99,,,,,,,,,
$55.95,$28.00,$39.99,$44.99,$41.98,£41.99,,,,,,,,,,
$14.98,$10.00,,$12.00,,,,,,,,,,,,
$87.99,$99.95,,$93.99,,,,,,,,,,,,
$44.95,$48.95,,$81.00,,,,,,,,,,,,
$136.23,$126.95,,,,,,,,,,,,,,
$139.99,,,,,,$44.99,,,,,,,,,
,$150.00,,,,£65.59,,,,,,,,,,
$49.99,,$47.99,$48.00,$48.00,£50.95,,,,,,,,,,
,$140.00,,,,,,,,,,,,,,
,$130.00,,,,,,,,,,,,,,
$35.00,$24.00,,$34.99,,£29.75,,,,,,,,,,
$30.49,$32.00,$30.39,$30.99,,,$37.99,,,,,,,,,
,,,,,,,,,,,,,,,
$28.06,$20.95,$18.49,,,£22.99,,,,,,,,,,
,$24.00,,$30.00,,,,,,,,,,,,
,$30.00,,,,,,,,,,,,,,
$87.99,$88.00,$87.99,$87.99,,£79.45,,,,,,,,,,
,,,$19.99,,£14.75,,,,,,,,,,
$55.71,,,$55.99,,£42.79,,,,,,,,,,
$24.00,$12.00,$23.49,,$20.49,£22.99,,,,,,,,,,
,,,,,,,,,,,,,,,
,$245.00,,,,,,,,,,,,,,
,$34.00,,,,,,,,,,,,,,
$195.00,$250.00,,,,£103.59,,,,,,,,,,
$80.00,$95.00,,,,,,,,,,,,,,
,,,,,,,,,,,,,,,
$53.72,$39.95,,,,£41.97,,,,,,,,,,
$53.75,$14.00,,$39.99,,,,,,,,,,,,
,,,,,,,,,,,,,,,
$199.99,$65.00,,,,,,,,,,,,,,
$99.99,$90.00,,,,,,,,,,,,,,
$49.98,,,$43.99,,,,,,,,,,,,
$80.11,$65.00,$64.99,$66.99,,,,,,,,,,,,
,$495.00,,,,,,,,,,,,,,
$54.96,$20.00,,,,,$19.99,,,,,,,,,
$141.41,$120.00,,,,,,,,,,,,,,
,,,$31.99,,£31.89,,,,,,,,,,
$27.53,$25.00,,$24.99,,£16.59,,,,,,,,,,
$46.93,$38.00,$35.99,,,£30.69,,,,,,,,,,
$70.99,$79.95,$68.79,,,£91.29,,,,,,,,,,
,$250.00,,,,,,,,,,,,,,
$149.99,,,,,,,,,,,,,,,
$44.29,$25.00,,,,,,,,,,,,,,
$19.95,$29.95,,,,,,,,,,,,,,
$69.99,$25.00,,,,,,,,,,,,,,
,$295.00,,,,,,,,,,,,,,
,$14.00,,,,,,,,,,,,,,
$99.00,$99.95,$87.99,$87.99,,£34.85,,,,$87.99,,,,,,
$22.97,$15.00,,$19.99,,£10.75,,,,,,,,,,
,,,,,£91.99,,,,,,,,,,
$80.00,$65.00,,,,,,,,,,,,,,
$33.98,$15.00,,,,,$14.99,,,,,,,,,
$34.99,,$23.99,$27.99,,,,,,,,,,,,
$44.90,,,,,£29.19,,,,,,,,,,
,$85.00,,,,£43.89,$74.99,,,,,,,,,
$49.99,$25.00,,,,,,,,,,,,,,
,$390.00,,,,,,,,,,,,,,
,$99.95,,,,,,,,,,,,,,
,$95.00,,,,,,,,,,,,,,
$219.99,$170.00,,,,£71.55,,,,,,,,,,
$27.24,$12.00,,,,£29.99,$17.99,,,,,,,,,
$47.99,$48.00,$53.99,$47.99,,,,,,,,,,,,
,$55.00,,,,,,,,,,,,,,
,$14.00,,,,,,,,,,,,,,
$54.99,$55.00,,,,£40.59,,,,,,$54.99,,,,
,$25.00,,,,,,,,,,,,,,
,,,,,,,,,,,,,,,
,$95.00,,,,,,,,,,,,,,
$27.43,$35.00,$33.99,$35.99,,£32.99,$24.99,,,,,,,,,
$8.98,$5.00,,$15.00,,£12.95,,,,,,,,,,
,$22.00,,,,,,,,,,,,,,
,,,,,,,,,,,,,,,
,$125.00,,,,,$49.99,,,,,,,,,
,$54.00,,,,£34.99,,,,,,,,,,
,$10.49,,,,,,,,,,,,,,
$65.95,$64.95,,$56.00,,,,,,,,,,,,
,$14.00,,,,,,,,,,,,,,
$49.99,,,,,,,,,,,,,,,
$8.99,$7.50,$8.99,$9.99,,£8.99,,,,,,,,,,
,,$31.99,$31.99,,,,,,,,,,,,
,,,,,£36.75,,,,,,,,,,
$64.99,$22.00,,,,,,,,,,,,,,
$99.99,$40.00,$54.99,,,£31.89,,,,,,,,,,
$89.99,$49.95,$44.99,,,,,,,,,,,,,
,$25.00,,,,,,,,,,,,,,
,$75.00,,,,,$24.99,,,,,,,,,
$59.99,$25.00,,$48.99,,£42.69,,,,,,,,,,
$34.00,,$42.99,$35.99,,£43.95,,,,,,,,,,
,$18.00,,,,£14.69,,,,,,,,,,
,$14.00,,,,£46.29,,,,,,,,,,
$174.95,$135.00,,,,,,,,,,,,,,
,$50.00,,,,,,,,,,,,,,
$31.99,$24.00,$28.29,,,£29.95,,,,,,,,,,
$19.99,$19.95,,,,,,,,,,,,,,
$65.00,$40.00,,,,£45.59,$19.99,,,,,,,,,
$20.99,$15.95,,$13.99,,,$19.99,,,,,,,,,
,$60.00,,,,£9.95,,,,,,,,,,
,$25.00,,,,,,,,,,,,,,
$14.95,$13.49,,$10.99,,£11.49,,,,,,,,,,
$24.95,$21.95,,$29.99,,£14.89,,,,,,,,,,
$22.34,$18.00,,$24.00,,,,,,,,,,,,
,,,,,,,,,,,,,,,
$19.95,$11.00,$13.99,$14.99,,,$19.95,,,,,,,,,
$17.99,$9.95,,$167.99,,£9.95,,,,,,,,,,
$44.98,$13.95,,,,,,,,,,,,,,
$79.20,$89.95,$79.20,$79.99,,£71.95,,,,$79.20,,,,,,
$24.99,$21.60,,,,,,,,,,,,,,
,$45.00,,,,,,,,,,,,,,
,$50.00,,,,£68.99,,,,,,,,,,
,,,,,,,,,,,,,,,
$111.48,$90.00,,$87.99,,£80.89,,,,,,,,,,
$60.49,$64.95,$59.99,$52.99,$50.49,£53.59,,,,,,,,,,
$69.00,$45.00,,,,,,,,,,,,,,
,,,,,£29.49,,,,,,,,,,
$22.69,$18.00,$13.99,$14.99,,,,,,,,,,,,
$87.99,$98.95,$87.99,$87.99,,£88.45,,,,$87.99,,,,,,
$84.99,$99.95,,,,,,$85.00,,,€87.10,,,,,
$20.99,$15.00,$17.99,$18.00,,£17.99,,,,,,,,,,
$14.99,$15.95,,$12.99,,£14.49,,,,,,,,,,
$36.07,$28.00,$31.99,$31.99,,£28.99,,,,,,,,,,
,$125.00,,,,£54.79,,,,,,,,,,
$29.35,$20.00,,,,£21.99,,,,,,,,,,
$157.09,$75.00,,,,£35.65,,,,,,,,,,
,$240.00,,,,,,,,,,,,,,
$539.99,$72.95,$95.99,$95.99,,£72.45,,,,,,,,,,
$79.95,$125.00,,,,,,,,,,,,,,
,,,,,,,,,,,,,,,
$48.00,,,,,£23.25,,,,,,,,,,
$108.98,,$89.99,,,,,,,,,,,,,
,$12.95,,,,£8.99,,,,,,,,,,
,$175.00,,,,,,,,,,,,,,
,$10.00,,,,£11.35,,,,,,,,,,
$37.99,$28.00,,,,,,,,,,,,,,
$8.54,$4.49,,,,,,,,,,,,,,
,$34.00,$31.99,$35.99,,£27.19,,,,,,,,,,
$36.39,$35.95,$32.00,$31.99,,£29.95,,,,$36.00,,,,,,
,$350.00,,,,,,,,,,,,,,
,$45.00,,,,,,,,,,,,,,
$38.00,$37.95,,$33.99,,£40.99,,,,,,,,,,
,,,,,,,,,,,,,,,
$11.97,,$11.99,$11.99,,,,,,,,,,,,
$39.99,,,,,,,,,,,,,,,
$69.99,$54.95,,$48.99,,,,,,,,,,,,
$73.99,,,,,,,,,,,,,,,
,$34.95,,,,,,,,,,,,,,
,$45.00,,,,,,,,,,,,,,
$49.95,$49.95,,,,,,,,,,,,,,
,$20.00,,,,,,,,,,,,,,
,,,,,,,,,,,,,,,
,$18.00,,,,£16.95,,,,,,,,,,
$59.99,$67.95,,$59.99,,£54.95,,,,,,,,,,
$89.90,$126.95,,,,£42.49,$94.99,,,,,,,,,
,,,,,,,,,,,,,,,
$48.99,$47.00,$46.39,$46.99,,£27.95,,,,,,,,,,
$35.99,$38.00,$40.49,$35.99,$35.99,,$24.99,,,$35.99,,,,,,
$324.99,,,$79.99,,£58.95,,,,,,,,,,
$42.95,$38.00,,,,,,,,,,,,,,
$26.95,$38.00,,,,,,,,,,,,,,
$47.92,$20.00,,,,£23.69,,,,,,,,,,
$52.49,$35.00,$40.49,$42.99,$38.99,£39.69,,,,,,,,,,
$51.99,$58.95,,$51.99,,£41.45,$64.99,,,,,,,,,
$9.99,$9.00,$10.49,$10.99,,£10.29,,,,,,,,,,
,,,,,,,,,,,,,,,
,$20.00,,,,,,,,,,,,,,
$46.95,$40.00,$36.39,$39.99,,£30.89,,,,,,,,,,
$49.95,$22.00,,$39.99,,£36.69,$19.99,,,,,,,,,
$25.98,$28.00,,,,£8.79,,,,,,,,,,
$99.99,$20.00,,,,,,,,,,,,,,
,,,,,,,,,,,,,,,
$39.99,$22.00,$27.99,$24.99,,,,,,,,,,,,
$99.00,$35.00,,,,,,,,,,,,,,
,,,,,£51.19,,,,,,,,,,
$44.00,$18.00,$30.99,,,,,,,,,,,,,
,,,,,,,,,,,,,,,
$69.99,$45.00,,$42.00,,,,,,,,,,,,
$20.30,$18.00,$17.99,,,,,,,,,,,,,
,$80.00,,,,,,,,,,,,,,
,$75.00,,,,,,,,,,,,,,
,,,,,,,,,,,,,,,
$30.06,$20.00,,$37.99,,£28.45,,,,,,$37.99,,,,
$154.99,$20.00,,,,,,,,,,,,,,
$54.00,$30.00,,,,£39.99,,,,,,,,,,
$39.83,$40.00,$39.99,$39.99,,£36.95,,,,,,,,,,
,$275.00,,,,,,,,,,,,,,
$24.99,$21.95,$19.99,$19.99,,£21.99,,,,,,,,,,
$29.81,,,,,,,,,,,,,,,
$39.99,$9.00,,,,£37.99,,,,,€36.06,,,,,
$39.96,$34.95,,$31.99,$29.99,£22.95,,,,,,,,,,
,,,,,,,,,,,,,,,
,,,,,,,,,,,,,,,
,$20.00,,$24.99,,,,,,,,,,,,
$79.99,$14.00,,,,,,,,,,,,,,
$54.00,$38.00,$44.99,$44.99,,£37.95,,,,,,,,,,
$24.99,$28.00,$26.99,,,£22.99,$29.99,,,,,,,,,
$29.99,$34.00,,,,,,,,,,,,,,
,$114.95,$99.99,,,£89.99,,,,,,,,,,
$23.00,$14.00,,,,,,,,,,,,,,
,$125.00,,,,,,,,,,,,,,
$14.99,$10.00,$10.39,,,,,,,,,,,,,
,,,,,,,,,,,,,,,
$164.99,$65.00,,$98.00,,,,,,,,,,,,
,$25.00,$27.99,,$27.98,£27.89,,,,,,,,,,
,$45.00,,,,,,,,,,,,,,
,$11.49,,,,,,,,,,,,,,
$34.79,$10.00,$27.99,,,,,,,,,,,,,
,,,,,,,,,,,,,,,
$27.99,$6.50,,,,,,,,,,,,,,
$49.45,$40.00,,$51.99,,£52.99,,,,,,,,,,
,$58.00,,,,,,,,,,,,,,
$25.99,$20.00,,$24.99,$17.99,£21.99,,,,,,,,,,
$24.99,$28.00,$19.99,,,,,,,,,,,,,
,,,,,,,,,,,,,,,
$29.99,,$19.99,$23.99,$19.95,£23.99,,,,,,,,,,
$64.99,,,,,,,,,,,,,,,
,$48.00,,,,£63.69,,,,,,,,,,
,$30.00,,$51.99,,,,,,,,,,,,
$35.99,$35.00,,,,,,,,,,,,,,
$21.17,$24.95,,$21.99,,£22.99,,,,,,,,,,
,$45.95,$43.79,,,£36.95,,,,,,,,,,
,$58.00,,,,,,,,,,,,,,
$79.13,$80.00,,,,£71.95,,,,,,,,,,
$58.00,$40.00,$41.99,,$49.95,£41.99,,,,,,,,,,
$50.00,$24.00,,,,£46.19,,,,,,,,,,
$24.99,$22.00,$31.99,$31.99,,,,,,,,,,,,
,$15.00,$20.49,,,£22.35,,,,,,,,,,
$95.80,$60.00,$60.00,$60.00,,,,,,,,,,,,
$142.54,$485.00,,$103.99,,,,,,$116.95,,,,,,
$44.27,$34.00,$36.39,$39.99,$36.99,,,,,,,,,,,
,,,,,,,,,,,,,,,
,$175.00,,,,,,,,,,,,,,
,,,,,,,,,,,,,,,
$25.90,$9.00,$14.99,$19.99,,£15.95,,,,,,,,,,
$27.99,$12.00,$34.99,$36.99,,£36.99,,,,,,,,,,
,,,,,,,,,,,,,,,
$24.83,$24.00,,$26.00,,,,,,,,,,,,
$46.36,$39.95,,$39.99,,£36.19,,,,$39.95,,,,,,
$41.76,$39.95,$31.46,$38.99,$28.49,£21.45,,,,,,,,,,
$449.99,$95.00,,,,,,,,,,,,,,
,,,,,£22.29,,,,,,,,,,
$37.94,$30.00,,$35.99,,,,,,,,,,,,
$39.99,$30.00,,$35.99,$27.99,£28.49,,,,,,,,,,
,$70.00,,,,,,,,,,,,,,
,$125.00,,,,,,,,,,,,,,
$71.95,$63.95,,$55.99,,,,,,,,,,,,
,$65.00,,,,,,,,,,,,,,
$39.99,,,,,,,,,,,,,,,
,$28.00,,,,,,,,,,,,,,
$17.06,$12.95,,$11.99,,£12.89,,,,,,,,,,
,,,,,,,,,,,,,,,
$49.88,$14.00,,,,,,,,,,,,,,
$46.15,$15.00,,,$38.99,£61.19,,,,,,,,,,
$61.30,$32.00,$39.99,$40.00,,£33.69,,$49.00,,,,,,,,
,$48.00,$46.39,$46.99,,£28.99,,,,,,,,,,
,$165.00,,,,,,,,,,,,,,
$49.96,$60.00,$60.00,$60.00,,,,,,$60.00,,,,,,
$89.99,$50.00,,,,,,,,,,,,,,
,$220.00,,,,,,,,,,,,,,
,$75.00,,,,,,,,,,,,,,
$21.94,$22.00,,$23.99,$20.99,,,,,,,,,,,
$21.99,$44.95,,$17.99,$15.99,,,,,,,,,,,
$79.99,$40.00,,,,£49.99,,,,,,,,,,
$53.39,$54.99,,$54.99,,£47.99,,,,,,,,,,
$90.00,$55.00,$71.99,$72.00,,£58.45,,,,,,,,,,
,,,,,£45.99,,,,,,,,,,
$18.99,,$17.99,,,,,,,,,,,,,
,$1.49,,,,,,,,,,,,,,
$49.99,$44.00,,$50.00,$44.99,£39.69,,,,,,,,,,
$44.00,$34.95,,$31.99,,,,,,,,,,,$39.00,
,$44.00,,,,,,,,,,,,,,
$44.95,$9.50,,,,,$24.99,,,,,,,,,
$32.99,$20.00,$23.99,$29.99,$27.99,£21.85,,,,,,,,,,
$9.98,$12.00,$27.99,,,£28.49,,,,,,,,,,
,$30.00,,,,,,,,,,,,,,
$95.99,$125.00,$95.99,$95.99,,£89.99,,,,,,,,,,
$24.22,$24.95,,$19.99,,,,,,,,,,,,
,$60.00,,,,,,,,,,,,,,
$79.03,$125.00,,,,,,,,,,,,,,
$50.00,$63.95,,$59.99,,,,,,,,,,,,
$41.99,$49.95,,,,,,,,,,,,,,
$51.43,$52.00,$51.96,,,,,,,$52.00,,,,,,
,$90.00,,,,,,,,,,,,,,
$26.09,$30.95,,,$22.99,£36.89,,,,,,,,,,
,,,,,£23.35,,,,,,,,,,
,,,,,,,,,,,,,,,
$43.48,,,,,,,,,,,,,,,
$16.50,$9.00,$15.99,$19.99,,£16.55,,,,$24.99,,,,,,
$35.40,$31.95,,$29.99,$27.99,£21.99,,,,,,,,,,
,,,,,,,,,,,,,,,
$44.99,,,,,£38.69,,,,,,,,,,
,,,,,,,,,,,,,,,
$47.97,$54.95,,$47.99,,£35.95,,,,,,,,,,
,$50.00,,,,,,,,,,,,,,
$74.07,$50.00,,$67.99,,£92.45,,,,,,,,,,
$13.99,$7.00,$12.29,$10.99,,£13.49,,,,,,,,,,
,,,,,£7.99,,,,,,,,,,
$35.00,$40.00,,$24.00,,£25.89,,,,,,,,,,
$29.12,$20.00,,$23.99,,£25.59,,,,,,,,,,
$23.00,$15.00,$16.00,$16.00,,,$20.00,,,,,,,,,
$37.40,$35.00,,,,,,,,,€26.93,,,,,
,,,,,,,,,,,,,,,
,$75.00,,,,,,,,,,,,,,
$50.98,$22.00,,,,,$24.99,,,,,,,,,
,,,,,,,,,,,,,,,
,$50.00,,,,£46.99,,,,,,,,,,
$23.95,$15.00,,$35.99,$32.99,£26.95,$14.99,,,,,,,,,
,$28.00,,,,,,,,,,,,,,
$48.00,$44.00,$47.99,$47.99,,£56.99,,,,$44.00,,,,,,
$31.04,$20.00,,$24.99,,£25.95,,,,,,,,,,
$94.99,$20.00,,,,,,,,,,,,,,
$24.99,$20.00,$17.49,$22.99,$21.99,,$17.99,,,,,,,,,
,$125.00,,,,,$114.99,,,,,,,,,
$24.72,$35.00,$31.99,$31.99,,,,,,,,,,,,
,$15.00,$17.29,$15.99,$19.99,,,,,,,,,,,
$179.95,$150.00,,,,,,,,,,,,,,
,,,,,,,,,,,,,,,
,$25.00,,,,,,,,,,,,,,
,$24.00,,$44.99,$42.99,,,,,,,,,,,
,$25.00,,,,,,,,,,,,,,
$76.52,$74.95,$64.99,$67.99,,,,,,,,,,,,
$61.97,$24.00,,,,,,,,,,,,,,
$32.95,$24.00,,,,,,,,,,,,,,
,$42.00,,,,,,,,,,,,,,
$34.44,$15.00,,$35.99,,,,,,,,,,,,
$29.99,$35.00,$39.99,$39.99,,£30.95,,,,,,,,,,
,$245.00,,,,,,,,,,,,,,
$43.09,$25.00,,$47.99,,£32.99,$34.99,,,$47.99,,,,,,
$59.95,,$41.99,$44.99,$34.99,£37.95,,,,,,,,,,
$29.99,$10.00,,,,,,,,,,,,,,
$39.95,$25.00,,$39.99,,,,,,,,,,,,
,$55.00,,,,£33.49,,,,,,,,,,
,$22.00,,$72.00,,,,,,,,,,,,
,$395.00,,,,,,,,,,,,,,
$64.44,$25.00,,,,,,,,,,,,,,
,$20.00,,,,,,,,,,,,,,
$49.99,$169.95,,,,,,,,,,,,,,
,,,,,,,,,,,,,,,
$139.99,$65.00,,,,,,,,,,,,,,
,$64.95,,$60.00,,,,,,,,,,,,
,$50.00,,,,,,,,,,,,,,
,,,,,,,,,,,,,,,
$31.13,,,,,£10.09,,,,,,,,,,
$67.59,$52.00,,$51.99,,£44.99,,,,,,,,,,
$31.99,$22.00,$27.99,$29.99,,£28.49,,,,,,,,,,
$41.33,$28.00,$35.99,$35.99,,,,,,$35.99,,,,,,
,$25.00,$31.99,$31.99,,£29.19,,,,,,,,,,
$38.51,$36.95,,,,,,,,,,,,,,
$24.99,$25.00,,,,,,,,,,,,,,
$64.99,$53.95,$47.99,$51.99,$44.99,£40.99,,,,,,,,,,
$65.30,$79.95,$79.99,$84.99,,,,,,,,,,,,
$149.99,$22.00,,,,,,,,,,,,,,
,$24.00,,,,,,,,,,,,,,
,,,,,,,,,,,,,,,
,$34.00,,,,,,,,,,,,,,
,,,,,£35.79,,,,,,,,,,
$75.99,$72.95,$71.99,$71.99,,,,,,,,,,,,
,$80.00,,,,,,,,,,,,,,
$28.13,$14.00,$47.99,$31.99,,£66.49,,,,,,,,,,
,$5.00,,,,,,,,,,,,,,
$108.99,$35.00,,,,,,,,,,,,,,
,,,,,,,,,,,,$37.82,,,
$67.97,$45.00,$56.99,$49.99,$49.49,,,,,,,,,,,
$42.38,$24.00,,,$33.99,,,,,,,,,,,
$57.19,,,,,£33.99,,,,,,,,,,
$45.81,$38.00,$40.99,,$34.98,£29.99,,,,,,,,,,
$99.99,$48.00,,,,,,,,,,,,,,
$30.37,$25.00,,$24.99,,£28.95,,,,,,$37.99,,,,
$14.06,$12.00,$10.49,$10.99,,£11.49,,,,,,,,,,
,,,,,,,,,,,,,,,
,$95.00,,,,,,,,,,,,,,
$21.22,$14.00,$17.29,$17.99,,£19.25,,,,,,,,,,
,,,,,£9.45,,,,,,,,,,
,,,$39.99,,,,,,,,,,,,
$25.99,,,$19.99,,,,,,,,,,,,
,,,,,£43.89,,,,,,,,,,
,$40.00,,,,,,,,,,,,,,
$34.10,$18.00,,,$32.99,,,,,,,,,,,
$108.35,$75.00,$79.99,$87.99,,,,,,,,,,,,
$168.00,$70.00,,,,,,,,,,,,,,
$46.51,$40.00,$39.99,$41.99,,,,,,,,,,,,
$119.99,$70.00,,,,,,,,,,,,,,
,$197.95,,$37.50,,£37.45,,,,,,,,,,
$39.95,$34.95,$34.99,$29.99,,£30.29,,,,,,,,,,
$47.99,$49.95,$47.99,$47.99,,£51.39,,,,,,,,,,
,,,,,,,,,,,,,,,
$59.99,$38.00,,$47.00,,£31.65,,,,,,,,,,
